Offer Description,Discount Amount,Code,View Details,Eligible Credit Cards
Flat Rs.300 off with RBL Bank Credit Card,Rs.300,ABHIRBLB,"Use code ABHIRBLB to Get FLAT Rs.300 Instant Discount with RBL Bank Credit Card only your 1st booking
Offer valid for all users, once per user during the offer period
Offer Valid on select RBL Bank Credit Cards only
Valid on a minimum transaction value of Rs.1500 (excluding service charge & taxes)
Offer valid only on private bus operator bookings, not on SRTCs
Offer is valid till 31 Aug 2025.
This offer cannot be combined with any other offer.
AbhiBus reserves the right to disqualify any transaction or discontinue the offer promotion at any time without notice or liability of whatsoever nature.",RBL Bank VCard
Flat Rs.300 off with RBL Bank Credit Card,Rs.300,ABHIRBLB,"Use code ABHIRBLB to Get FLAT Rs.300 Instant Discount with RBL Bank Credit Card only your 1st booking
Offer valid for all users, once per user during the offer period
Offer Valid on select RBL Bank Credit Cards only
Valid on a minimum transaction value of Rs.1500 (excluding service charge & taxes)
Offer valid only on private bus operator bookings, not on SRTCs
Offer is valid till 31 Aug 2025.
This offer cannot be combined with any other offer.
AbhiBus reserves the right to disqualify any transaction or discontinue the offer promotion at any time without notice or liability of whatsoever nature.",RBL Bank Cookie Credit Card
Flat Rs.300 off with RBL Bank Credit Card,Rs.300,ABHIRBLB,"Use code ABHIRBLB to Get FLAT Rs.300 Instant Discount with RBL Bank Credit Card only your 1st booking
Offer valid for all users, once per user during the offer period
Offer Valid on select RBL Bank Credit Cards only
Valid on a minimum transaction value of Rs.1500 (excluding service charge & taxes)
Offer valid only on private bus operator bookings, not on SRTCs
Offer is valid till 31 Aug 2025.
This offer cannot be combined with any other offer.
AbhiBus reserves the right to disqualify any transaction or discontinue the offer promotion at any time without notice or liability of whatsoever nature.",RBL Bank Shoprite Credit Card
Flat Rs.300 off with RBL Bank Credit Card,Rs.300,ABHIRBLB,"Use code ABHIRBLB to Get FLAT Rs.300 Instant Discount with RBL Bank Credit Card only your 1st booking
Offer valid for all users, once per user during the offer period
Offer Valid on select RBL Bank Credit Cards only
Valid on a minimum transaction value of Rs.1500 (excluding service charge & taxes)
Offer valid only on private bus operator bookings, not on SRTCs
Offer is valid till 31 Aug 2025.
This offer cannot be combined with any other offer.
AbhiBus reserves the right to disqualify any transaction or discontinue the offer promotion at any time without notice or liability of whatsoever nature.",RBL Platinum Maxima Plus Card
Flat Rs.300 off with RBL Bank Credit Card,Rs.300,ABHIRBLB,"Use code ABHIRBLB to Get FLAT Rs.300 Instant Discount with RBL Bank Credit Card only your 1st booking
Offer valid for all users, once per user during the offer period
Offer Valid on select RBL Bank Credit Cards only
Valid on a minimum transaction value of Rs.1500 (excluding service charge & taxes)
Offer valid only on private bus operator bookings, not on SRTCs
Offer is valid till 31 Aug 2025.
This offer cannot be combined with any other offer.
AbhiBus reserves the right to disqualify any transaction or discontinue the offer promotion at any time without notice or liability of whatsoever nature.",RBL Bank MoneyTap Black Card
Flat Rs.300 off with RBL Bank Credit Card,Rs.300,ABHIRBLB,"Use code ABHIRBLB to Get FLAT Rs.300 Instant Discount with RBL Bank Credit Card only your 1st booking
Offer valid for all users, once per user during the offer period
Offer Valid on select RBL Bank Credit Cards only
Valid on a minimum transaction value of Rs.1500 (excluding service charge & taxes)
Offer valid only on private bus operator bookings, not on SRTCs
Offer is valid till 31 Aug 2025.
This offer cannot be combined with any other offer.
AbhiBus reserves the right to disqualify any transaction or discontinue the offer promotion at any time without notice or liability of whatsoever nature.",RBL Bank Platinum Maxima Credit Card
Flat Rs.300 off with RBL Bank Credit Card,Rs.300,ABHIRBLB,"Use code ABHIRBLB to Get FLAT Rs.300 Instant Discount with RBL Bank Credit Card only your 1st booking
Offer valid for all users, once per user during the offer period
Offer Valid on select RBL Bank Credit Cards only
Valid on a minimum transaction value of Rs.1500 (excluding service charge & taxes)
Offer valid only on private bus operator bookings, not on SRTCs
Offer is valid till 31 Aug 2025.
This offer cannot be combined with any other offer.
AbhiBus reserves the right to disqualify any transaction or discontinue the offer promotion at any time without notice or liability of whatsoever nature.",RBL Bank Movies
Flat Rs.300 off with RBL Bank Credit Card,Rs.300,ABHIRBLB,"Use code ABHIRBLB to Get FLAT Rs.300 Instant Discount with RBL Bank Credit Card only your 1st booking
Offer valid for all users, once per user during the offer period
Offer Valid on select RBL Bank Credit Cards only
Valid on a minimum transaction value of Rs.1500 (excluding service charge & taxes)
Offer valid only on private bus operator bookings, not on SRTCs
Offer is valid till 31 Aug 2025.
This offer cannot be combined with any other offer.
AbhiBus reserves the right to disqualify any transaction or discontinue the offer promotion at any time without notice or liability of whatsoever nature.",More Credit Card
Flat Rs.300 off with RBL Bank Credit Card,Rs.300,ABHIRBLB,"Use code ABHIRBLB to Get FLAT Rs.300 Instant Discount with RBL Bank Credit Card only your 1st booking
Offer valid for all users, once per user during the offer period
Offer Valid on select RBL Bank Credit Cards only
Valid on a minimum transaction value of Rs.1500 (excluding service charge & taxes)
Offer valid only on private bus operator bookings, not on SRTCs
Offer is valid till 31 Aug 2025.
This offer cannot be combined with any other offer.
AbhiBus reserves the right to disqualify any transaction or discontinue the offer promotion at any time without notice or liability of whatsoever nature.",RBL Bank Paisabazaar Duet Plus Card
Flat Rs.300 off with RBL Bank Credit Card,Rs.300,ABHIRBLB,"Use code ABHIRBLB to Get FLAT Rs.300 Instant Discount with RBL Bank Credit Card only your 1st booking
Offer valid for all users, once per user during the offer period
Offer Valid on select RBL Bank Credit Cards only
Valid on a minimum transaction value of Rs.1500 (excluding service charge & taxes)
Offer valid only on private bus operator bookings, not on SRTCs
Offer is valid till 31 Aug 2025.
This offer cannot be combined with any other offer.
AbhiBus reserves the right to disqualify any transaction or discontinue the offer promotion at any time without notice or liability of whatsoever nature.",RBL Bank Bankbazaar Savemax Pro Credit Card
Flat Rs.300 off with RBL Bank Credit Card,Rs.300,ABHIRBLB,"Use code ABHIRBLB to Get FLAT Rs.300 Instant Discount with RBL Bank Credit Card only your 1st booking
Offer valid for all users, once per user during the offer period
Offer Valid on select RBL Bank Credit Cards only
Valid on a minimum transaction value of Rs.1500 (excluding service charge & taxes)
Offer valid only on private bus operator bookings, not on SRTCs
Offer is valid till 31 Aug 2025.
This offer cannot be combined with any other offer.
AbhiBus reserves the right to disqualify any transaction or discontinue the offer promotion at any time without notice or liability of whatsoever nature.",RBL Bank Bankbazaar Savemax Credit Card
Flat Rs.300 off with RBL Bank Credit Card,Rs.300,ABHIRBLB,"Use code ABHIRBLB to Get FLAT Rs.300 Instant Discount with RBL Bank Credit Card only your 1st booking
Offer valid for all users, once per user during the offer period
Offer Valid on select RBL Bank Credit Cards only
Valid on a minimum transaction value of Rs.1500 (excluding service charge & taxes)
Offer valid only on private bus operator bookings, not on SRTCs
Offer is valid till 31 Aug 2025.
This offer cannot be combined with any other offer.
AbhiBus reserves the right to disqualify any transaction or discontinue the offer promotion at any time without notice or liability of whatsoever nature.",RBL Bank iGlobe Credit Card
Flat Rs.300 off with RBL Bank Credit Card,Rs.300,ABHIRBLB,"Use code ABHIRBLB to Get FLAT Rs.300 Instant Discount with RBL Bank Credit Card only your 1st booking
Offer valid for all users, once per user during the offer period
Offer Valid on select RBL Bank Credit Cards only
Valid on a minimum transaction value of Rs.1500 (excluding service charge & taxes)
Offer valid only on private bus operator bookings, not on SRTCs
Offer is valid till 31 Aug 2025.
This offer cannot be combined with any other offer.
AbhiBus reserves the right to disqualify any transaction or discontinue the offer promotion at any time without notice or liability of whatsoever nature.",RBL Bank Insignia Preferred Banking Card
Flat Rs.300 off with RBL Bank Credit Card,Rs.300,ABHIRBLB,"Use code ABHIRBLB to Get FLAT Rs.300 Instant Discount with RBL Bank Credit Card only your 1st booking
Offer valid for all users, once per user during the offer period
Offer Valid on select RBL Bank Credit Cards only
Valid on a minimum transaction value of Rs.1500 (excluding service charge & taxes)
Offer valid only on private bus operator bookings, not on SRTCs
Offer is valid till 31 Aug 2025.
This offer cannot be combined with any other offer.
AbhiBus reserves the right to disqualify any transaction or discontinue the offer promotion at any time without notice or liability of whatsoever nature.",RBL Bank Play Credit Card
Flat Rs.300 off with RBL Bank Credit Card,Rs.300,ABHIRBLB,"Use code ABHIRBLB to Get FLAT Rs.300 Instant Discount with RBL Bank Credit Card only your 1st booking
Offer valid for all users, once per user during the offer period
Offer Valid on select RBL Bank Credit Cards only
Valid on a minimum transaction value of Rs.1500 (excluding service charge & taxes)
Offer valid only on private bus operator bookings, not on SRTCs
Offer is valid till 31 Aug 2025.
This offer cannot be combined with any other offer.
AbhiBus reserves the right to disqualify any transaction or discontinue the offer promotion at any time without notice or liability of whatsoever nature.",RBL Bank World Safari Credit Card
Flat Rs.300 off with RBL Bank Credit Card,Rs.300,ABHIRBLB,"Use code ABHIRBLB to Get FLAT Rs.300 Instant Discount with RBL Bank Credit Card only your 1st booking
Offer valid for all users, once per user during the offer period
Offer Valid on select RBL Bank Credit Cards only
Valid on a minimum transaction value of Rs.1500 (excluding service charge & taxes)
Offer valid only on private bus operator bookings, not on SRTCs
Offer is valid till 31 Aug 2025.
This offer cannot be combined with any other offer.
AbhiBus reserves the right to disqualify any transaction or discontinue the offer promotion at any time without notice or liability of whatsoever nature.",RBL Bank Platinum Delight Credit Card
Flat Rs.300 off with RBL Bank Credit Card,Rs.300,ABHIRBLB,"Use code ABHIRBLB to Get FLAT Rs.300 Instant Discount with RBL Bank Credit Card only your 1st booking
Offer valid for all users, once per user during the offer period
Offer Valid on select RBL Bank Credit Cards only
Valid on a minimum transaction value of Rs.1500 (excluding service charge & taxes)
Offer valid only on private bus operator bookings, not on SRTCs
Offer is valid till 31 Aug 2025.
This offer cannot be combined with any other offer.
AbhiBus reserves the right to disqualify any transaction or discontinue the offer promotion at any time without notice or liability of whatsoever nature.",RBL Bank Monthly Treats Credit Card
Flat Rs.300 off with RBL Bank Credit Card,Rs.300,ABHIRBLB,"Use code ABHIRBLB to Get FLAT Rs.300 Instant Discount with RBL Bank Credit Card only your 1st booking
Offer valid for all users, once per user during the offer period
Offer Valid on select RBL Bank Credit Cards only
Valid on a minimum transaction value of Rs.1500 (excluding service charge & taxes)
Offer valid only on private bus operator bookings, not on SRTCs
Offer is valid till 31 Aug 2025.
This offer cannot be combined with any other offer.
AbhiBus reserves the right to disqualify any transaction or discontinue the offer promotion at any time without notice or liability of whatsoever nature.",RBL Bank Lazy Pay Credit Card
Flat Rs.300 off with RBL Bank Credit Card,Rs.300,ABHIRBLB,"Use code ABHIRBLB to Get FLAT Rs.300 Instant Discount with RBL Bank Credit Card only your 1st booking
Offer valid for all users, once per user during the offer period
Offer Valid on select RBL Bank Credit Cards only
Valid on a minimum transaction value of Rs.1500 (excluding service charge & taxes)
Offer valid only on private bus operator bookings, not on SRTCs
Offer is valid till 31 Aug 2025.
This offer cannot be combined with any other offer.
AbhiBus reserves the right to disqualify any transaction or discontinue the offer promotion at any time without notice or liability of whatsoever nature.",RBL Bank Icon Credit Card
Flat Rs.300 off with RBL Bank Credit Card,Rs.300,ABHIRBLB,"Use code ABHIRBLB to Get FLAT Rs.300 Instant Discount with RBL Bank Credit Card only your 1st booking
Offer valid for all users, once per user during the offer period
Offer Valid on select RBL Bank Credit Cards only
Valid on a minimum transaction value of Rs.1500 (excluding service charge & taxes)
Offer valid only on private bus operator bookings, not on SRTCs
Offer is valid till 31 Aug 2025.
This offer cannot be combined with any other offer.
AbhiBus reserves the right to disqualify any transaction or discontinue the offer promotion at any time without notice or liability of whatsoever nature.",RBL Bank Paisabazaar Duet Card
Flat Rs.300 off with RBL Bank Credit Card,Rs.300,ABHIRBLB,"Use code ABHIRBLB to Get FLAT Rs.300 Instant Discount with RBL Bank Credit Card only your 1st booking
Offer valid for all users, once per user during the offer period
Offer Valid on select RBL Bank Credit Cards only
Valid on a minimum transaction value of Rs.1500 (excluding service charge & taxes)
Offer valid only on private bus operator bookings, not on SRTCs
Offer is valid till 31 Aug 2025.
This offer cannot be combined with any other offer.
AbhiBus reserves the right to disqualify any transaction or discontinue the offer promotion at any time without notice or liability of whatsoever nature.",RBL Bank MoneyTap Credit Card
Flat Rs.300 off with RBL Bank Credit Card,Rs.300,ABHIRBLB,"Use code ABHIRBLB to Get FLAT Rs.300 Instant Discount with RBL Bank Credit Card only your 1st booking
Offer valid for all users, once per user during the offer period
Offer Valid on select RBL Bank Credit Cards only
Valid on a minimum transaction value of Rs.1500 (excluding service charge & taxes)
Offer valid only on private bus operator bookings, not on SRTCs
Offer is valid till 31 Aug 2025.
This offer cannot be combined with any other offer.
AbhiBus reserves the right to disqualify any transaction or discontinue the offer promotion at any time without notice or liability of whatsoever nature.",RBL Bank Mocash Credit Card
Flat Rs.300 off with RBL Bank Credit Card,Rs.300,ABHIRBLB,"Use code ABHIRBLB to Get FLAT Rs.300 Instant Discount with RBL Bank Credit Card only your 1st booking
Offer valid for all users, once per user during the offer period
Offer Valid on select RBL Bank Credit Cards only
Valid on a minimum transaction value of Rs.1500 (excluding service charge & taxes)
Offer valid only on private bus operator bookings, not on SRTCs
Offer is valid till 31 Aug 2025.
This offer cannot be combined with any other offer.
AbhiBus reserves the right to disqualify any transaction or discontinue the offer promotion at any time without notice or liability of whatsoever nature.",RBL Bank Platinum Advantage Credit Card
Flat Rs.300 off with RBL Bank Credit Card,Rs.300,ABHIRBLB,"Use code ABHIRBLB to Get FLAT Rs.300 Instant Discount with RBL Bank Credit Card only your 1st booking
Offer valid for all users, once per user during the offer period
Offer Valid on select RBL Bank Credit Cards only
Valid on a minimum transaction value of Rs.1500 (excluding service charge & taxes)
Offer valid only on private bus operator bookings, not on SRTCs
Offer is valid till 31 Aug 2025.
This offer cannot be combined with any other offer.
AbhiBus reserves the right to disqualify any transaction or discontinue the offer promotion at any time without notice or liability of whatsoever nature.",RBL Bank Platinum Plus Visa Credit Card
Flat Rs.300 off with RBL Bank Credit Card,Rs.300,ABHIRBLB,"Use code ABHIRBLB to Get FLAT Rs.300 Instant Discount with RBL Bank Credit Card only your 1st booking
Offer valid for all users, once per user during the offer period
Offer Valid on select RBL Bank Credit Cards only
Valid on a minimum transaction value of Rs.1500 (excluding service charge & taxes)
Offer valid only on private bus operator bookings, not on SRTCs
Offer is valid till 31 Aug 2025.
This offer cannot be combined with any other offer.
AbhiBus reserves the right to disqualify any transaction or discontinue the offer promotion at any time without notice or liability of whatsoever nature.",RBL Bank Platinum ValuePlus MasterCard Credit Card
Flat Rs.300 off with RBL Bank Credit Card,Rs.300,ABHIRBLB,"Use code ABHIRBLB to Get FLAT Rs.300 Instant Discount with RBL Bank Credit Card only your 1st booking
Offer valid for all users, once per user during the offer period
Offer Valid on select RBL Bank Credit Cards only
Valid on a minimum transaction value of Rs.1500 (excluding service charge & taxes)
Offer valid only on private bus operator bookings, not on SRTCs
Offer is valid till 31 Aug 2025.
This offer cannot be combined with any other offer.
AbhiBus reserves the right to disqualify any transaction or discontinue the offer promotion at any time without notice or liability of whatsoever nature.",RBL Bank Novio RuPay Credit Card
Flat Rs.300 off with RBL Bank Credit Card,Rs.300,ABHIRBLB,"Use code ABHIRBLB to Get FLAT Rs.300 Instant Discount with RBL Bank Credit Card only your 1st booking
Offer valid for all users, once per user during the offer period
Offer Valid on select RBL Bank Credit Cards only
Valid on a minimum transaction value of Rs.1500 (excluding service charge & taxes)
Offer valid only on private bus operator bookings, not on SRTCs
Offer is valid till 31 Aug 2025.
This offer cannot be combined with any other offer.
AbhiBus reserves the right to disqualify any transaction or discontinue the offer promotion at any time without notice or liability of whatsoever nature.",RBL Bank Platinum ValuePlus Credit Card
Flat Rs.300 off with RBL Bank Credit Card,Rs.300,ABHIRBLB,"Use code ABHIRBLB to Get FLAT Rs.300 Instant Discount with RBL Bank Credit Card only your 1st booking
Offer valid for all users, once per user during the offer period
Offer Valid on select RBL Bank Credit Cards only
Valid on a minimum transaction value of Rs.1500 (excluding service charge & taxes)
Offer valid only on private bus operator bookings, not on SRTCs
Offer is valid till 31 Aug 2025.
This offer cannot be combined with any other offer.
AbhiBus reserves the right to disqualify any transaction or discontinue the offer promotion at any time without notice or liability of whatsoever nature.",RBL Bank Patanjali Vishisht RuPay Card
Flat Rs.300 off with RBL Bank Credit Card,Rs.300,ABHIRBLB,"Use code ABHIRBLB to Get FLAT Rs.300 Instant Discount with RBL Bank Credit Card only your 1st booking
Offer valid for all users, once per user during the offer period
Offer Valid on select RBL Bank Credit Cards only
Valid on a minimum transaction value of Rs.1500 (excluding service charge & taxes)
Offer valid only on private bus operator bookings, not on SRTCs
Offer is valid till 31 Aug 2025.
This offer cannot be combined with any other offer.
AbhiBus reserves the right to disqualify any transaction or discontinue the offer promotion at any time without notice or liability of whatsoever nature.",RBL Bank Platinum Shopgain Visa Credit Card
Flat Rs.300 off with RBL Bank Credit Card,Rs.300,ABHIRBLB,"Use code ABHIRBLB to Get FLAT Rs.300 Instant Discount with RBL Bank Credit Card only your 1st booking
Offer valid for all users, once per user during the offer period
Offer Valid on select RBL Bank Credit Cards only
Valid on a minimum transaction value of Rs.1500 (excluding service charge & taxes)
Offer valid only on private bus operator bookings, not on SRTCs
Offer is valid till 31 Aug 2025.
This offer cannot be combined with any other offer.
AbhiBus reserves the right to disqualify any transaction or discontinue the offer promotion at any time without notice or liability of whatsoever nature.",RBL Bank Platinum Bonus Credit Card
Flat Rs.300 off with RBL Bank Credit Card,Rs.300,ABHIRBLB,"Use code ABHIRBLB to Get FLAT Rs.300 Instant Discount with RBL Bank Credit Card only your 1st booking
Offer valid for all users, once per user during the offer period
Offer Valid on select RBL Bank Credit Cards only
Valid on a minimum transaction value of Rs.1500 (excluding service charge & taxes)
Offer valid only on private bus operator bookings, not on SRTCs
Offer is valid till 31 Aug 2025.
This offer cannot be combined with any other offer.
AbhiBus reserves the right to disqualify any transaction or discontinue the offer promotion at any time without notice or liability of whatsoever nature.",RBL Bank Platinum ShopSmart MasterCard Credit Card
Flat Rs.300 off with RBL Bank Credit Card,Rs.300,ABHIRBLB,"Use code ABHIRBLB to Get FLAT Rs.300 Instant Discount with RBL Bank Credit Card only your 1st booking
Offer valid for all users, once per user during the offer period
Offer Valid on select RBL Bank Credit Cards only
Valid on a minimum transaction value of Rs.1500 (excluding service charge & taxes)
Offer valid only on private bus operator bookings, not on SRTCs
Offer is valid till 31 Aug 2025.
This offer cannot be combined with any other offer.
AbhiBus reserves the right to disqualify any transaction or discontinue the offer promotion at any time without notice or liability of whatsoever nature.",RBL Bank Binge Credit Card
Flat Rs.300 off with RBL Bank Credit Card,Rs.300,ABHIRBLB,"Use code ABHIRBLB to Get FLAT Rs.300 Instant Discount with RBL Bank Credit Card only your 1st booking
Offer valid for all users, once per user during the offer period
Offer Valid on select RBL Bank Credit Cards only
Valid on a minimum transaction value of Rs.1500 (excluding service charge & taxes)
Offer valid only on private bus operator bookings, not on SRTCs
Offer is valid till 31 Aug 2025.
This offer cannot be combined with any other offer.
AbhiBus reserves the right to disqualify any transaction or discontinue the offer promotion at any time without notice or liability of whatsoever nature.",TVS Credit RBL Bank Gold Mastercard Card
Flat Rs.300 off with RBL Bank Credit Card,Rs.300,ABHIRBLB,"Use code ABHIRBLB to Get FLAT Rs.300 Instant Discount with RBL Bank Credit Card only your 1st booking
Offer valid for all users, once per user during the offer period
Offer Valid on select RBL Bank Credit Cards only
Valid on a minimum transaction value of Rs.1500 (excluding service charge & taxes)
Offer valid only on private bus operator bookings, not on SRTCs
Offer is valid till 31 Aug 2025.
This offer cannot be combined with any other offer.
AbhiBus reserves the right to disqualify any transaction or discontinue the offer promotion at any time without notice or liability of whatsoever nature.",IndianOil RBL Bank Credit Card
Flat Rs.300 off with RBL Bank Credit Card,Rs.300,ABHIRBLB,"Use code ABHIRBLB to Get FLAT Rs.300 Instant Discount with RBL Bank Credit Card only your 1st booking
Offer valid for all users, once per user during the offer period
Offer Valid on select RBL Bank Credit Cards only
Valid on a minimum transaction value of Rs.1500 (excluding service charge & taxes)
Offer valid only on private bus operator bookings, not on SRTCs
Offer is valid till 31 Aug 2025.
This offer cannot be combined with any other offer.
AbhiBus reserves the right to disqualify any transaction or discontinue the offer promotion at any time without notice or liability of whatsoever nature.",RBL Bank MyFirst Credit Card
Flat Rs.300 off with RBL Bank Credit Card,Rs.300,ABHIRBLB,"Use code ABHIRBLB to Get FLAT Rs.300 Instant Discount with RBL Bank Credit Card only your 1st booking
Offer valid for all users, once per user during the offer period
Offer Valid on select RBL Bank Credit Cards only
Valid on a minimum transaction value of Rs.1500 (excluding service charge & taxes)
Offer valid only on private bus operator bookings, not on SRTCs
Offer is valid till 31 Aug 2025.
This offer cannot be combined with any other offer.
AbhiBus reserves the right to disqualify any transaction or discontinue the offer promotion at any time without notice or liability of whatsoever nature.",RBL Bank Platinum ShopDaily Credit Card
Flat Rs.300 off with RBL Bank Credit Card,Rs.300,ABHIRBLB,"Use code ABHIRBLB to Get FLAT Rs.300 Instant Discount with RBL Bank Credit Card only your 1st booking
Offer valid for all users, once per user during the offer period
Offer Valid on select RBL Bank Credit Cards only
Valid on a minimum transaction value of Rs.1500 (excluding service charge & taxes)
Offer valid only on private bus operator bookings, not on SRTCs
Offer is valid till 31 Aug 2025.
This offer cannot be combined with any other offer.
AbhiBus reserves the right to disqualify any transaction or discontinue the offer promotion at any time without notice or liability of whatsoever nature.",RBL Bank Platinum Shopgain  Credit Card
Flat Rs.300 off with RBL Bank Credit Card,Rs.300,ABHIRBLB,"Use code ABHIRBLB to Get FLAT Rs.300 Instant Discount with RBL Bank Credit Card only your 1st booking
Offer valid for all users, once per user during the offer period
Offer Valid on select RBL Bank Credit Cards only
Valid on a minimum transaction value of Rs.1500 (excluding service charge & taxes)
Offer valid only on private bus operator bookings, not on SRTCs
Offer is valid till 31 Aug 2025.
This offer cannot be combined with any other offer.
AbhiBus reserves the right to disqualify any transaction or discontinue the offer promotion at any time without notice or liability of whatsoever nature.",RBL Bank Platinum Edge MasterCard
Flat Rs.300 off with RBL Bank Credit Card,Rs.300,ABHIRBLB,"Use code ABHIRBLB to Get FLAT Rs.300 Instant Discount with RBL Bank Credit Card only your 1st booking
Offer valid for all users, once per user during the offer period
Offer Valid on select RBL Bank Credit Cards only
Valid on a minimum transaction value of Rs.1500 (excluding service charge & taxes)
Offer valid only on private bus operator bookings, not on SRTCs
Offer is valid till 31 Aug 2025.
This offer cannot be combined with any other offer.
AbhiBus reserves the right to disqualify any transaction or discontinue the offer promotion at any time without notice or liability of whatsoever nature.",RBL Bank MyFirst Mastercard Credit Card
Flat Rs.300 off with RBL Bank Credit Card,Rs.300,ABHIRBLB,"Use code ABHIRBLB to Get FLAT Rs.300 Instant Discount with RBL Bank Credit Card only your 1st booking
Offer valid for all users, once per user during the offer period
Offer Valid on select RBL Bank Credit Cards only
Valid on a minimum transaction value of Rs.1500 (excluding service charge & taxes)
Offer valid only on private bus operator bookings, not on SRTCs
Offer is valid till 31 Aug 2025.
This offer cannot be combined with any other offer.
AbhiBus reserves the right to disqualify any transaction or discontinue the offer promotion at any time without notice or liability of whatsoever nature.",RBL Bank Platinum Choice Visa Credit Card
Flat Rs.300 off with RBL Bank Credit Card,Rs.300,ABHIRBLB,"Use code ABHIRBLB to Get FLAT Rs.300 Instant Discount with RBL Bank Credit Card only your 1st booking
Offer valid for all users, once per user during the offer period
Offer Valid on select RBL Bank Credit Cards only
Valid on a minimum transaction value of Rs.1500 (excluding service charge & taxes)
Offer valid only on private bus operator bookings, not on SRTCs
Offer is valid till 31 Aug 2025.
This offer cannot be combined with any other offer.
AbhiBus reserves the right to disqualify any transaction or discontinue the offer promotion at any time without notice or liability of whatsoever nature.",RBL Bank EasySaver Visa Credit Card
Flat Rs.300 off with RBL Bank Credit Card,Rs.300,ABHIRBLB,"Use code ABHIRBLB to Get FLAT Rs.300 Instant Discount with RBL Bank Credit Card only your 1st booking
Offer valid for all users, once per user during the offer period
Offer Valid on select RBL Bank Credit Cards only
Valid on a minimum transaction value of Rs.1500 (excluding service charge & taxes)
Offer valid only on private bus operator bookings, not on SRTCs
Offer is valid till 31 Aug 2025.
This offer cannot be combined with any other offer.
AbhiBus reserves the right to disqualify any transaction or discontinue the offer promotion at any time without notice or liability of whatsoever nature.",RBL Bank Play Credit Card
Flat Rs.300 off with RBL Bank Credit Card,Rs.300,ABHIRBLB,"Use code ABHIRBLB to Get FLAT Rs.300 Instant Discount with RBL Bank Credit Card only your 1st booking
Offer valid for all users, once per user during the offer period
Offer Valid on select RBL Bank Credit Cards only
Valid on a minimum transaction value of Rs.1500 (excluding service charge & taxes)
Offer valid only on private bus operator bookings, not on SRTCs
Offer is valid till 31 Aug 2025.
This offer cannot be combined with any other offer.
AbhiBus reserves the right to disqualify any transaction or discontinue the offer promotion at any time without notice or liability of whatsoever nature.",IRCTC RBL Bank Credit Card
Flat Rs.300 off with RBL Bank Credit Card,Rs.300,ABHIRBLB,"Use code ABHIRBLB to Get FLAT Rs.300 Instant Discount with RBL Bank Credit Card only your 1st booking
Offer valid for all users, once per user during the offer period
Offer Valid on select RBL Bank Credit Cards only
Valid on a minimum transaction value of Rs.1500 (excluding service charge & taxes)
Offer valid only on private bus operator bookings, not on SRTCs
Offer is valid till 31 Aug 2025.
This offer cannot be combined with any other offer.
AbhiBus reserves the right to disqualify any transaction or discontinue the offer promotion at any time without notice or liability of whatsoever nature.",TVS Credit RBL Bank Card
Flat Rs.300 off with RBL Bank Credit Card,Rs.300,ABHIRBLB,"Use code ABHIRBLB to Get FLAT Rs.300 Instant Discount with RBL Bank Credit Card only your 1st booking
Offer valid for all users, once per user during the offer period
Offer Valid on select RBL Bank Credit Cards only
Valid on a minimum transaction value of Rs.1500 (excluding service charge & taxes)
Offer valid only on private bus operator bookings, not on SRTCs
Offer is valid till 31 Aug 2025.
This offer cannot be combined with any other offer.
AbhiBus reserves the right to disqualify any transaction or discontinue the offer promotion at any time without notice or liability of whatsoever nature.",RBL Bank SalarySe Up RuPay Credit Card
Flat Rs.300 off with RBL Bank Credit Card,Rs.300,ABHIRBLB,"Use code ABHIRBLB to Get FLAT Rs.300 Instant Discount with RBL Bank Credit Card only your 1st booking
Offer valid for all users, once per user during the offer period
Offer Valid on select RBL Bank Credit Cards only
Valid on a minimum transaction value of Rs.1500 (excluding service charge & taxes)
Offer valid only on private bus operator bookings, not on SRTCs
Offer is valid till 31 Aug 2025.
This offer cannot be combined with any other offer.
AbhiBus reserves the right to disqualify any transaction or discontinue the offer promotion at any time without notice or liability of whatsoever nature.",RBL Bank EasySaver Credit Card
Flat Rs.300 off with RBL Bank Credit Card,Rs.300,ABHIRBLB,"Use code ABHIRBLB to Get FLAT Rs.300 Instant Discount with RBL Bank Credit Card only your 1st booking
Offer valid for all users, once per user during the offer period
Offer Valid on select RBL Bank Credit Cards only
Valid on a minimum transaction value of Rs.1500 (excluding service charge & taxes)
Offer valid only on private bus operator bookings, not on SRTCs
Offer is valid till 31 Aug 2025.
This offer cannot be combined with any other offer.
AbhiBus reserves the right to disqualify any transaction or discontinue the offer promotion at any time without notice or liability of whatsoever nature.",RBL Bank Binge MasterCard Credit Card
Flat Rs.300 off with RBL Bank Credit Card,Rs.300,ABHIRBLB,"Use code ABHIRBLB to Get FLAT Rs.300 Instant Discount with RBL Bank Credit Card only your 1st booking
Offer valid for all users, once per user during the offer period
Offer Valid on select RBL Bank Credit Cards only
Valid on a minimum transaction value of Rs.1500 (excluding service charge & taxes)
Offer valid only on private bus operator bookings, not on SRTCs
Offer is valid till 31 Aug 2025.
This offer cannot be combined with any other offer.
AbhiBus reserves the right to disqualify any transaction or discontinue the offer promotion at any time without notice or liability of whatsoever nature.",RBL Bank World Prime Visa Credit Card
Flat Rs.300 off with RBL Bank Credit Card,Rs.300,ABHIRBLB,"Use code ABHIRBLB to Get FLAT Rs.300 Instant Discount with RBL Bank Credit Card only your 1st booking
Offer valid for all users, once per user during the offer period
Offer Valid on select RBL Bank Credit Cards only
Valid on a minimum transaction value of Rs.1500 (excluding service charge & taxes)
Offer valid only on private bus operator bookings, not on SRTCs
Offer is valid till 31 Aug 2025.
This offer cannot be combined with any other offer.
AbhiBus reserves the right to disqualify any transaction or discontinue the offer promotion at any time without notice or liability of whatsoever nature.",RBL Bank Platinum Plus Credit Card
Flat Rs.300 off with RBL Bank Credit Card,Rs.300,ABHIRBLB,"Use code ABHIRBLB to Get FLAT Rs.300 Instant Discount with RBL Bank Credit Card only your 1st booking
Offer valid for all users, once per user during the offer period
Offer Valid on select RBL Bank Credit Cards only
Valid on a minimum transaction value of Rs.1500 (excluding service charge & taxes)
Offer valid only on private bus operator bookings, not on SRTCs
Offer is valid till 31 Aug 2025.
This offer cannot be combined with any other offer.
AbhiBus reserves the right to disqualify any transaction or discontinue the offer promotion at any time without notice or liability of whatsoever nature.",RBL Bank World Max Credit Card
Flat Rs.300 off with RBL Bank Credit Card,Rs.300,ABHIRBLB,"Use code ABHIRBLB to Get FLAT Rs.300 Instant Discount with RBL Bank Credit Card only your 1st booking
Offer valid for all users, once per user during the offer period
Offer Valid on select RBL Bank Credit Cards only
Valid on a minimum transaction value of Rs.1500 (excluding service charge & taxes)
Offer valid only on private bus operator bookings, not on SRTCs
Offer is valid till 31 Aug 2025.
This offer cannot be combined with any other offer.
AbhiBus reserves the right to disqualify any transaction or discontinue the offer promotion at any time without notice or liability of whatsoever nature.",IndianOil RBL Bank XTRA RuPay Credit Card
Flat Rs.300 off with RBL Bank Credit Card,Rs.300,ABHIRBLB,"Use code ABHIRBLB to Get FLAT Rs.300 Instant Discount with RBL Bank Credit Card only your 1st booking
Offer valid for all users, once per user during the offer period
Offer Valid on select RBL Bank Credit Cards only
Valid on a minimum transaction value of Rs.1500 (excluding service charge & taxes)
Offer valid only on private bus operator bookings, not on SRTCs
Offer is valid till 31 Aug 2025.
This offer cannot be combined with any other offer.
AbhiBus reserves the right to disqualify any transaction or discontinue the offer promotion at any time without notice or liability of whatsoever nature.",IndianOil RBL Bank RuPay Credit Card
Flat Rs.300 off with RBL Bank Credit Card,Rs.300,ABHIRBLB,"Use code ABHIRBLB to Get FLAT Rs.300 Instant Discount with RBL Bank Credit Card only your 1st booking
Offer valid for all users, once per user during the offer period
Offer Valid on select RBL Bank Credit Cards only
Valid on a minimum transaction value of Rs.1500 (excluding service charge & taxes)
Offer valid only on private bus operator bookings, not on SRTCs
Offer is valid till 31 Aug 2025.
This offer cannot be combined with any other offer.
AbhiBus reserves the right to disqualify any transaction or discontinue the offer promotion at any time without notice or liability of whatsoever nature.",RBL Bank World Prime Credit Card
Flat Rs.300 off with RBL Bank Credit Card,Rs.300,ABHIRBLB,"Use code ABHIRBLB to Get FLAT Rs.300 Instant Discount with RBL Bank Credit Card only your 1st booking
Offer valid for all users, once per user during the offer period
Offer Valid on select RBL Bank Credit Cards only
Valid on a minimum transaction value of Rs.1500 (excluding service charge & taxes)
Offer valid only on private bus operator bookings, not on SRTCs
Offer is valid till 31 Aug 2025.
This offer cannot be combined with any other offer.
AbhiBus reserves the right to disqualify any transaction or discontinue the offer promotion at any time without notice or liability of whatsoever nature.",RBL Bank Platinum ShopDaily Visa Credit Card
Flat Rs.300 off with RBL Bank Credit Card,Rs.300,ABHIRBLB,"Use code ABHIRBLB to Get FLAT Rs.300 Instant Discount with RBL Bank Credit Card only your 1st booking
Offer valid for all users, once per user during the offer period
Offer Valid on select RBL Bank Credit Cards only
Valid on a minimum transaction value of Rs.1500 (excluding service charge & taxes)
Offer valid only on private bus operator bookings, not on SRTCs
Offer is valid till 31 Aug 2025.
This offer cannot be combined with any other offer.
AbhiBus reserves the right to disqualify any transaction or discontinue the offer promotion at any time without notice or liability of whatsoever nature.",RBL Bank Patanjali Swarn RuPay Card
Flat Rs.300 off with RBL Bank Credit Card,Rs.300,ABHIRBLB,"Use code ABHIRBLB to Get FLAT Rs.300 Instant Discount with RBL Bank Credit Card only your 1st booking
Offer valid for all users, once per user during the offer period
Offer Valid on select RBL Bank Credit Cards only
Valid on a minimum transaction value of Rs.1500 (excluding service charge & taxes)
Offer valid only on private bus operator bookings, not on SRTCs
Offer is valid till 31 Aug 2025.
This offer cannot be combined with any other offer.
AbhiBus reserves the right to disqualify any transaction or discontinue the offer promotion at any time without notice or liability of whatsoever nature.",RBL Bank Platinum Prime Credit Card
Flat Rs.300 off with RBL Bank Credit Card,Rs.300,ABHIRBLB,"Use code ABHIRBLB to Get FLAT Rs.300 Instant Discount with RBL Bank Credit Card only your 1st booking
Offer valid for all users, once per user during the offer period
Offer Valid on select RBL Bank Credit Cards only
Valid on a minimum transaction value of Rs.1500 (excluding service charge & taxes)
Offer valid only on private bus operator bookings, not on SRTCs
Offer is valid till 31 Aug 2025.
This offer cannot be combined with any other offer.
AbhiBus reserves the right to disqualify any transaction or discontinue the offer promotion at any time without notice or liability of whatsoever nature.",RBL Bank World Max MasterCard Credit Card
Flat Rs.300 off with RBL Bank Credit Card,Rs.300,ABHIRBLB,"Use code ABHIRBLB to Get FLAT Rs.300 Instant Discount with RBL Bank Credit Card only your 1st booking
Offer valid for all users, once per user during the offer period
Offer Valid on select RBL Bank Credit Cards only
Valid on a minimum transaction value of Rs.1500 (excluding service charge & taxes)
Offer valid only on private bus operator bookings, not on SRTCs
Offer is valid till 31 Aug 2025.
This offer cannot be combined with any other offer.
AbhiBus reserves the right to disqualify any transaction or discontinue the offer promotion at any time without notice or liability of whatsoever nature.",RBL Bank Platinum Choice Credit Card
Flat Rs.300 off with RBL Bank Credit Card,Rs.300,ABHIRBLB,"Use code ABHIRBLB to Get FLAT Rs.300 Instant Discount with RBL Bank Credit Card only your 1st booking
Offer valid for all users, once per user during the offer period
Offer Valid on select RBL Bank Credit Cards only
Valid on a minimum transaction value of Rs.1500 (excluding service charge & taxes)
Offer valid only on private bus operator bookings, not on SRTCs
Offer is valid till 31 Aug 2025.
This offer cannot be combined with any other offer.
AbhiBus reserves the right to disqualify any transaction or discontinue the offer promotion at any time without notice or liability of whatsoever nature.",RBL Bank Platinum Shopsmart Credit Card
Flat Rs.300 off with RBL Bank Credit Card,Rs.300,ABHIRBLB,"Use code ABHIRBLB to Get FLAT Rs.300 Instant Discount with RBL Bank Credit Card only your 1st booking
Offer valid for all users, once per user during the offer period
Offer Valid on select RBL Bank Credit Cards only
Valid on a minimum transaction value of Rs.1500 (excluding service charge & taxes)
Offer valid only on private bus operator bookings, not on SRTCs
Offer is valid till 31 Aug 2025.
This offer cannot be combined with any other offer.
AbhiBus reserves the right to disqualify any transaction or discontinue the offer promotion at any time without notice or liability of whatsoever nature.",RBL Bank World Plus MasterCard Credit Card
Flat Rs.300 off with RBL Bank Credit Card,Rs.300,ABHIRBLB,"Use code ABHIRBLB to Get FLAT Rs.300 Instant Discount with RBL Bank Credit Card only your 1st booking
Offer valid for all users, once per user during the offer period
Offer Valid on select RBL Bank Credit Cards only
Valid on a minimum transaction value of Rs.1500 (excluding service charge & taxes)
Offer valid only on private bus operator bookings, not on SRTCs
Offer is valid till 31 Aug 2025.
This offer cannot be combined with any other offer.
AbhiBus reserves the right to disqualify any transaction or discontinue the offer promotion at any time without notice or liability of whatsoever nature.",RBL Bank World Plus Credit Card
Flat Rs.300 off with RBL Bank Credit Card,Rs.300,ABHIRBLB,"Use code ABHIRBLB to Get FLAT Rs.300 Instant Discount with RBL Bank Credit Card only your 1st booking
Offer valid for all users, once per user during the offer period
Offer Valid on select RBL Bank Credit Cards only
Valid on a minimum transaction value of Rs.1500 (excluding service charge & taxes)
Offer valid only on private bus operator bookings, not on SRTCs
Offer is valid till 31 Aug 2025.
This offer cannot be combined with any other offer.
AbhiBus reserves the right to disqualify any transaction or discontinue the offer promotion at any time without notice or liability of whatsoever nature.",Indianoil RBL Bank Xtra Credit Card
Flat Rs.300 off with RBL Bank Credit Card,Rs.300,ABHIRBLB,"Use code ABHIRBLB to Get FLAT Rs.300 Instant Discount with RBL Bank Credit Card only your 1st booking
Offer valid for all users, once per user during the offer period
Offer Valid on select RBL Bank Credit Cards only
Valid on a minimum transaction value of Rs.1500 (excluding service charge & taxes)
Offer valid only on private bus operator bookings, not on SRTCs
Offer is valid till 31 Aug 2025.
This offer cannot be combined with any other offer.
AbhiBus reserves the right to disqualify any transaction or discontinue the offer promotion at any time without notice or liability of whatsoever nature.",RBL Bank DMI Finance Credit Card
Flat Rs.300 off with RBL Bank Credit Card,Rs.300,ABHIRBLB,"Use code ABHIRBLB to Get FLAT Rs.300 Instant Discount with RBL Bank Credit Card only your 1st booking
Offer valid for all users, once per user during the offer period
Offer Valid on select RBL Bank Credit Cards only
Valid on a minimum transaction value of Rs.1500 (excluding service charge & taxes)
Offer valid only on private bus operator bookings, not on SRTCs
Offer is valid till 31 Aug 2025.
This offer cannot be combined with any other offer.
AbhiBus reserves the right to disqualify any transaction or discontinue the offer promotion at any time without notice or liability of whatsoever nature.",RBL Bank Platinum TravelEasy Visa Credit Card
Flat Rs.300 off with RBL Bank Credit Card,Rs.300,ABHIRBLB,"Use code ABHIRBLB to Get FLAT Rs.300 Instant Discount with RBL Bank Credit Card only your 1st booking
Offer valid for all users, once per user during the offer period
Offer Valid on select RBL Bank Credit Cards only
Valid on a minimum transaction value of Rs.1500 (excluding service charge & taxes)
Offer valid only on private bus operator bookings, not on SRTCs
Offer is valid till 31 Aug 2025.
This offer cannot be combined with any other offer.
AbhiBus reserves the right to disqualify any transaction or discontinue the offer promotion at any time without notice or liability of whatsoever nature.",RBL Bank Platinum LifeEasy Visa Credit Card
Flat Rs.300 off with RBL Bank Credit Card,Rs.300,ABHIRBLB,"Use code ABHIRBLB to Get FLAT Rs.300 Instant Discount with RBL Bank Credit Card only your 1st booking
Offer valid for all users, once per user during the offer period
Offer Valid on select RBL Bank Credit Cards only
Valid on a minimum transaction value of Rs.1500 (excluding service charge & taxes)
Offer valid only on private bus operator bookings, not on SRTCs
Offer is valid till 31 Aug 2025.
This offer cannot be combined with any other offer.
AbhiBus reserves the right to disqualify any transaction or discontinue the offer promotion at any time without notice or liability of whatsoever nature.",RBL Bank Platinum TravelEasy Credit Card
Flat Rs.300 off with RBL Bank Credit Card,Rs.300,ABHIRBLB,"Use code ABHIRBLB to Get FLAT Rs.300 Instant Discount with RBL Bank Credit Card only your 1st booking
Offer valid for all users, once per user during the offer period
Offer Valid on select RBL Bank Credit Cards only
Valid on a minimum transaction value of Rs.1500 (excluding service charge & taxes)
Offer valid only on private bus operator bookings, not on SRTCs
Offer is valid till 31 Aug 2025.
This offer cannot be combined with any other offer.
AbhiBus reserves the right to disqualify any transaction or discontinue the offer promotion at any time without notice or liability of whatsoever nature.",RBL Bank Platinum Edge Credit Card
Flat Rs.300 off with RBL Bank Credit Card,Rs.300,ABHIRBLB,"Use code ABHIRBLB to Get FLAT Rs.300 Instant Discount with RBL Bank Credit Card only your 1st booking
Offer valid for all users, once per user during the offer period
Offer Valid on select RBL Bank Credit Cards only
Valid on a minimum transaction value of Rs.1500 (excluding service charge & taxes)
Offer valid only on private bus operator bookings, not on SRTCs
Offer is valid till 31 Aug 2025.
This offer cannot be combined with any other offer.
AbhiBus reserves the right to disqualify any transaction or discontinue the offer promotion at any time without notice or liability of whatsoever nature.",RBL Bank Platinum LifeEasy Credit Card
Get Rs. 200 OFF with SBI Credit Card,Rs. 200,SBICAB,"Use code SBICAB to get flat Rs. 200 off on your bus booking.
Offer valid on a minimum transaction value of Rs.2000 (excluding service charges and taxes).
Maximum discount per transaction is Rs.200.
The coupon code is valid only for payments made on Thursday or Friday during the offer period.
Discount is applicable once per SBI Credit Card, per month during the offer period.
Offer is exclusively valid for SBI Credit Card holders.
This offer cannot be combined with any other ongoing promotions or discounts.
AbhiBus reserves the right to disqualify any transaction or discontinue the promotion at any time without prior notice or liability.",BPCL SBI Card Octane
Get Rs. 200 OFF with SBI Credit Card,Rs. 200,SBICAB,"Use code SBICAB to get flat Rs. 200 off on your bus booking.
Offer valid on a minimum transaction value of Rs.2000 (excluding service charges and taxes).
Maximum discount per transaction is Rs.200.
The coupon code is valid only for payments made on Thursday or Friday during the offer period.
Discount is applicable once per SBI Credit Card, per month during the offer period.
Offer is exclusively valid for SBI Credit Card holders.
This offer cannot be combined with any other ongoing promotions or discounts.
AbhiBus reserves the right to disqualify any transaction or discontinue the promotion at any time without prior notice or liability.",Paytm SBI Card Select
Get Rs. 200 OFF with SBI Credit Card,Rs. 200,SBICAB,"Use code SBICAB to get flat Rs. 200 off on your bus booking.
Offer valid on a minimum transaction value of Rs.2000 (excluding service charges and taxes).
Maximum discount per transaction is Rs.200.
The coupon code is valid only for payments made on Thursday or Friday during the offer period.
Discount is applicable once per SBI Credit Card, per month during the offer period.
Offer is exclusively valid for SBI Credit Card holders.
This offer cannot be combined with any other ongoing promotions or discounts.
AbhiBus reserves the right to disqualify any transaction or discontinue the promotion at any time without prior notice or liability.",IRCTC Rupay SBI Card
Get Rs. 200 OFF with SBI Credit Card,Rs. 200,SBICAB,"Use code SBICAB to get flat Rs. 200 off on your bus booking.
Offer valid on a minimum transaction value of Rs.2000 (excluding service charges and taxes).
Maximum discount per transaction is Rs.200.
The coupon code is valid only for payments made on Thursday or Friday during the offer period.
Discount is applicable once per SBI Credit Card, per month during the offer period.
Offer is exclusively valid for SBI Credit Card holders.
This offer cannot be combined with any other ongoing promotions or discounts.
AbhiBus reserves the right to disqualify any transaction or discontinue the promotion at any time without prior notice or liability.",Air India SBI Signature Card
Get Rs. 200 OFF with SBI Credit Card,Rs. 200,SBICAB,"Use code SBICAB to get flat Rs. 200 off on your bus booking.
Offer valid on a minimum transaction value of Rs.2000 (excluding service charges and taxes).
Maximum discount per transaction is Rs.200.
The coupon code is valid only for payments made on Thursday or Friday during the offer period.
Discount is applicable once per SBI Credit Card, per month during the offer period.
Offer is exclusively valid for SBI Credit Card holders.
This offer cannot be combined with any other ongoing promotions or discounts.
AbhiBus reserves the right to disqualify any transaction or discontinue the promotion at any time without prior notice or liability.",IRCTC SBI Platinum Card
Get Rs. 200 OFF with SBI Credit Card,Rs. 200,SBICAB,"Use code SBICAB to get flat Rs. 200 off on your bus booking.
Offer valid on a minimum transaction value of Rs.2000 (excluding service charges and taxes).
Maximum discount per transaction is Rs.200.
The coupon code is valid only for payments made on Thursday or Friday during the offer period.
Discount is applicable once per SBI Credit Card, per month during the offer period.
Offer is exclusively valid for SBI Credit Card holders.
This offer cannot be combined with any other ongoing promotions or discounts.
AbhiBus reserves the right to disqualify any transaction or discontinue the promotion at any time without prior notice or liability.",IRCTC SBI Card Premier
Get Rs. 200 OFF with SBI Credit Card,Rs. 200,SBICAB,"Use code SBICAB to get flat Rs. 200 off on your bus booking.
Offer valid on a minimum transaction value of Rs.2000 (excluding service charges and taxes).
Maximum discount per transaction is Rs.200.
The coupon code is valid only for payments made on Thursday or Friday during the offer period.
Discount is applicable once per SBI Credit Card, per month during the offer period.
Offer is exclusively valid for SBI Credit Card holders.
This offer cannot be combined with any other ongoing promotions or discounts.
AbhiBus reserves the right to disqualify any transaction or discontinue the promotion at any time without prior notice or liability.",Ola Money SBI Credit Card
Get Rs. 200 OFF with SBI Credit Card,Rs. 200,SBICAB,"Use code SBICAB to get flat Rs. 200 off on your bus booking.
Offer valid on a minimum transaction value of Rs.2000 (excluding service charges and taxes).
Maximum discount per transaction is Rs.200.
The coupon code is valid only for payments made on Thursday or Friday during the offer period.
Discount is applicable once per SBI Credit Card, per month during the offer period.
Offer is exclusively valid for SBI Credit Card holders.
This offer cannot be combined with any other ongoing promotions or discounts.
AbhiBus reserves the right to disqualify any transaction or discontinue the promotion at any time without prior notice or liability.",Cashback SBI Credit Card
Get Rs. 200 OFF with SBI Credit Card,Rs. 200,SBICAB,"Use code SBICAB to get flat Rs. 200 off on your bus booking.
Offer valid on a minimum transaction value of Rs.2000 (excluding service charges and taxes).
Maximum discount per transaction is Rs.200.
The coupon code is valid only for payments made on Thursday or Friday during the offer period.
Discount is applicable once per SBI Credit Card, per month during the offer period.
Offer is exclusively valid for SBI Credit Card holders.
This offer cannot be combined with any other ongoing promotions or discounts.
AbhiBus reserves the right to disqualify any transaction or discontinue the promotion at any time without prior notice or liability.",Aditya Birla SBI Card Select
Get Rs. 200 OFF with SBI Credit Card,Rs. 200,SBICAB,"Use code SBICAB to get flat Rs. 200 off on your bus booking.
Offer valid on a minimum transaction value of Rs.2000 (excluding service charges and taxes).
Maximum discount per transaction is Rs.200.
The coupon code is valid only for payments made on Thursday or Friday during the offer period.
Discount is applicable once per SBI Credit Card, per month during the offer period.
Offer is exclusively valid for SBI Credit Card holders.
This offer cannot be combined with any other ongoing promotions or discounts.
AbhiBus reserves the right to disqualify any transaction or discontinue the promotion at any time without prior notice or liability.",Spar SBI Card Prime
Get Rs. 200 OFF with SBI Credit Card,Rs. 200,SBICAB,"Use code SBICAB to get flat Rs. 200 off on your bus booking.
Offer valid on a minimum transaction value of Rs.2000 (excluding service charges and taxes).
Maximum discount per transaction is Rs.200.
The coupon code is valid only for payments made on Thursday or Friday during the offer period.
Discount is applicable once per SBI Credit Card, per month during the offer period.
Offer is exclusively valid for SBI Credit Card holders.
This offer cannot be combined with any other ongoing promotions or discounts.
AbhiBus reserves the right to disqualify any transaction or discontinue the promotion at any time without prior notice or liability.",Lifestyle Home Centre SBI Card Prime
Get Rs. 200 OFF with SBI Credit Card,Rs. 200,SBICAB,"Use code SBICAB to get flat Rs. 200 off on your bus booking.
Offer valid on a minimum transaction value of Rs.2000 (excluding service charges and taxes).
Maximum discount per transaction is Rs.200.
The coupon code is valid only for payments made on Thursday or Friday during the offer period.
Discount is applicable once per SBI Credit Card, per month during the offer period.
Offer is exclusively valid for SBI Credit Card holders.
This offer cannot be combined with any other ongoing promotions or discounts.
AbhiBus reserves the right to disqualify any transaction or discontinue the promotion at any time without prior notice or liability.",Max SBI Card Prime
Get Rs. 200 OFF with SBI Credit Card,Rs. 200,SBICAB,"Use code SBICAB to get flat Rs. 200 off on your bus booking.
Offer valid on a minimum transaction value of Rs.2000 (excluding service charges and taxes).
Maximum discount per transaction is Rs.200.
The coupon code is valid only for payments made on Thursday or Friday during the offer period.
Discount is applicable once per SBI Credit Card, per month during the offer period.
Offer is exclusively valid for SBI Credit Card holders.
This offer cannot be combined with any other ongoing promotions or discounts.
AbhiBus reserves the right to disqualify any transaction or discontinue the promotion at any time without prior notice or liability.",FabIndia SBI Card Select
Get Rs. 200 OFF with SBI Credit Card,Rs. 200,SBICAB,"Use code SBICAB to get flat Rs. 200 off on your bus booking.
Offer valid on a minimum transaction value of Rs.2000 (excluding service charges and taxes).
Maximum discount per transaction is Rs.200.
The coupon code is valid only for payments made on Thursday or Friday during the offer period.
Discount is applicable once per SBI Credit Card, per month during the offer period.
Offer is exclusively valid for SBI Credit Card holders.
This offer cannot be combined with any other ongoing promotions or discounts.
AbhiBus reserves the right to disqualify any transaction or discontinue the promotion at any time without prior notice or liability.",BPCL SBI Credit Card
Get Rs. 200 OFF with SBI Credit Card,Rs. 200,SBICAB,"Use code SBICAB to get flat Rs. 200 off on your bus booking.
Offer valid on a minimum transaction value of Rs.2000 (excluding service charges and taxes).
Maximum discount per transaction is Rs.200.
The coupon code is valid only for payments made on Thursday or Friday during the offer period.
Discount is applicable once per SBI Credit Card, per month during the offer period.
Offer is exclusively valid for SBI Credit Card holders.
This offer cannot be combined with any other ongoing promotions or discounts.
AbhiBus reserves the right to disqualify any transaction or discontinue the promotion at any time without prior notice or liability.",Paytm SBI Credit Card
Get Rs. 200 OFF with SBI Credit Card,Rs. 200,SBICAB,"Use code SBICAB to get flat Rs. 200 off on your bus booking.
Offer valid on a minimum transaction value of Rs.2000 (excluding service charges and taxes).
Maximum discount per transaction is Rs.200.
The coupon code is valid only for payments made on Thursday or Friday during the offer period.
Discount is applicable once per SBI Credit Card, per month during the offer period.
Offer is exclusively valid for SBI Credit Card holders.
This offer cannot be combined with any other ongoing promotions or discounts.
AbhiBus reserves the right to disqualify any transaction or discontinue the promotion at any time without prior notice or liability.",Apollo SBI Card Select
Get Rs. 200 OFF with SBI Credit Card,Rs. 200,SBICAB,"Use code SBICAB to get flat Rs. 200 off on your bus booking.
Offer valid on a minimum transaction value of Rs.2000 (excluding service charges and taxes).
Maximum discount per transaction is Rs.200.
The coupon code is valid only for payments made on Thursday or Friday during the offer period.
Discount is applicable once per SBI Credit Card, per month during the offer period.
Offer is exclusively valid for SBI Credit Card holders.
This offer cannot be combined with any other ongoing promotions or discounts.
AbhiBus reserves the right to disqualify any transaction or discontinue the promotion at any time without prior notice or liability.",Air India SBI Platinum Credit Card
Get Rs. 200 OFF with SBI Credit Card,Rs. 200,SBICAB,"Use code SBICAB to get flat Rs. 200 off on your bus booking.
Offer valid on a minimum transaction value of Rs.2000 (excluding service charges and taxes).
Maximum discount per transaction is Rs.200.
The coupon code is valid only for payments made on Thursday or Friday during the offer period.
Discount is applicable once per SBI Credit Card, per month during the offer period.
Offer is exclusively valid for SBI Credit Card holders.
This offer cannot be combined with any other ongoing promotions or discounts.
AbhiBus reserves the right to disqualify any transaction or discontinue the promotion at any time without prior notice or liability.",SBI Card Prime
Get Rs. 200 OFF with SBI Credit Card,Rs. 200,SBICAB,"Use code SBICAB to get flat Rs. 200 off on your bus booking.
Offer valid on a minimum transaction value of Rs.2000 (excluding service charges and taxes).
Maximum discount per transaction is Rs.200.
The coupon code is valid only for payments made on Thursday or Friday during the offer period.
Discount is applicable once per SBI Credit Card, per month during the offer period.
Offer is exclusively valid for SBI Credit Card holders.
This offer cannot be combined with any other ongoing promotions or discounts.
AbhiBus reserves the right to disqualify any transaction or discontinue the promotion at any time without prior notice or liability.",PSB SBI Card Prime
Get Rs. 200 OFF with SBI Credit Card,Rs. 200,SBICAB,"Use code SBICAB to get flat Rs. 200 off on your bus booking.
Offer valid on a minimum transaction value of Rs.2000 (excluding service charges and taxes).
Maximum discount per transaction is Rs.200.
The coupon code is valid only for payments made on Thursday or Friday during the offer period.
Discount is applicable once per SBI Credit Card, per month during the offer period.
Offer is exclusively valid for SBI Credit Card holders.
This offer cannot be combined with any other ongoing promotions or discounts.
AbhiBus reserves the right to disqualify any transaction or discontinue the promotion at any time without prior notice or liability.",SBI Card Prime Advantage
Get Rs. 200 OFF with SBI Credit Card,Rs. 200,SBICAB,"Use code SBICAB to get flat Rs. 200 off on your bus booking.
Offer valid on a minimum transaction value of Rs.2000 (excluding service charges and taxes).
Maximum discount per transaction is Rs.200.
The coupon code is valid only for payments made on Thursday or Friday during the offer period.
Discount is applicable once per SBI Credit Card, per month during the offer period.
Offer is exclusively valid for SBI Credit Card holders.
This offer cannot be combined with any other ongoing promotions or discounts.
AbhiBus reserves the right to disqualify any transaction or discontinue the promotion at any time without prior notice or liability.",Central Bank of India SBI Prime Card
Get Rs. 200 OFF with SBI Credit Card,Rs. 200,SBICAB,"Use code SBICAB to get flat Rs. 200 off on your bus booking.
Offer valid on a minimum transaction value of Rs.2000 (excluding service charges and taxes).
Maximum discount per transaction is Rs.200.
The coupon code is valid only for payments made on Thursday or Friday during the offer period.
Discount is applicable once per SBI Credit Card, per month during the offer period.
Offer is exclusively valid for SBI Credit Card holders.
This offer cannot be combined with any other ongoing promotions or discounts.
AbhiBus reserves the right to disqualify any transaction or discontinue the promotion at any time without prior notice or liability.",City Union Bank SBI Card Prime
Get Rs. 200 OFF with SBI Credit Card,Rs. 200,SBICAB,"Use code SBICAB to get flat Rs. 200 off on your bus booking.
Offer valid on a minimum transaction value of Rs.2000 (excluding service charges and taxes).
Maximum discount per transaction is Rs.200.
The coupon code is valid only for payments made on Thursday or Friday during the offer period.
Discount is applicable once per SBI Credit Card, per month during the offer period.
Offer is exclusively valid for SBI Credit Card holders.
This offer cannot be combined with any other ongoing promotions or discounts.
AbhiBus reserves the right to disqualify any transaction or discontinue the promotion at any time without prior notice or liability.",Aurum Credit Card
Get Rs. 200 OFF with SBI Credit Card,Rs. 200,SBICAB,"Use code SBICAB to get flat Rs. 200 off on your bus booking.
Offer valid on a minimum transaction value of Rs.2000 (excluding service charges and taxes).
Maximum discount per transaction is Rs.200.
The coupon code is valid only for payments made on Thursday or Friday during the offer period.
Discount is applicable once per SBI Credit Card, per month during the offer period.
Offer is exclusively valid for SBI Credit Card holders.
This offer cannot be combined with any other ongoing promotions or discounts.
AbhiBus reserves the right to disqualify any transaction or discontinue the promotion at any time without prior notice or liability.",UCO Bank SBI Card Prime
Get Rs. 200 OFF with SBI Credit Card,Rs. 200,SBICAB,"Use code SBICAB to get flat Rs. 200 off on your bus booking.
Offer valid on a minimum transaction value of Rs.2000 (excluding service charges and taxes).
Maximum discount per transaction is Rs.200.
The coupon code is valid only for payments made on Thursday or Friday during the offer period.
Discount is applicable once per SBI Credit Card, per month during the offer period.
Offer is exclusively valid for SBI Credit Card holders.
This offer cannot be combined with any other ongoing promotions or discounts.
AbhiBus reserves the right to disqualify any transaction or discontinue the promotion at any time without prior notice or liability.",Reliance SBI Card Prime
Get Rs. 200 OFF with SBI Credit Card,Rs. 200,SBICAB,"Use code SBICAB to get flat Rs. 200 off on your bus booking.
Offer valid on a minimum transaction value of Rs.2000 (excluding service charges and taxes).
Maximum discount per transaction is Rs.200.
The coupon code is valid only for payments made on Thursday or Friday during the offer period.
Discount is applicable once per SBI Credit Card, per month during the offer period.
Offer is exclusively valid for SBI Credit Card holders.
This offer cannot be combined with any other ongoing promotions or discounts.
AbhiBus reserves the right to disqualify any transaction or discontinue the promotion at any time without prior notice or liability.",Tata Star Titanium Card
Get Rs. 200 OFF with SBI Credit Card,Rs. 200,SBICAB,"Use code SBICAB to get flat Rs. 200 off on your bus booking.
Offer valid on a minimum transaction value of Rs.2000 (excluding service charges and taxes).
Maximum discount per transaction is Rs.200.
The coupon code is valid only for payments made on Thursday or Friday during the offer period.
Discount is applicable once per SBI Credit Card, per month during the offer period.
Offer is exclusively valid for SBI Credit Card holders.
This offer cannot be combined with any other ongoing promotions or discounts.
AbhiBus reserves the right to disqualify any transaction or discontinue the promotion at any time without prior notice or liability.",SBI Pulse Credit Card
Get Rs. 200 OFF with SBI Credit Card,Rs. 200,SBICAB,"Use code SBICAB to get flat Rs. 200 off on your bus booking.
Offer valid on a minimum transaction value of Rs.2000 (excluding service charges and taxes).
Maximum discount per transaction is Rs.200.
The coupon code is valid only for payments made on Thursday or Friday during the offer period.
Discount is applicable once per SBI Credit Card, per month during the offer period.
Offer is exclusively valid for SBI Credit Card holders.
This offer cannot be combined with any other ongoing promotions or discounts.
AbhiBus reserves the right to disqualify any transaction or discontinue the promotion at any time without prior notice or liability.",Lifestyle Home Centre SBI Card Select
Get Rs. 200 OFF with SBI Credit Card,Rs. 200,SBICAB,"Use code SBICAB to get flat Rs. 200 off on your bus booking.
Offer valid on a minimum transaction value of Rs.2000 (excluding service charges and taxes).
Maximum discount per transaction is Rs.200.
The coupon code is valid only for payments made on Thursday or Friday during the offer period.
Discount is applicable once per SBI Credit Card, per month during the offer period.
Offer is exclusively valid for SBI Credit Card holders.
This offer cannot be combined with any other ongoing promotions or discounts.
AbhiBus reserves the right to disqualify any transaction or discontinue the promotion at any time without prior notice or liability.",Max SBI Card Select
Get Rs. 200 OFF with SBI Credit Card,Rs. 200,SBICAB,"Use code SBICAB to get flat Rs. 200 off on your bus booking.
Offer valid on a minimum transaction value of Rs.2000 (excluding service charges and taxes).
Maximum discount per transaction is Rs.200.
The coupon code is valid only for payments made on Thursday or Friday during the offer period.
Discount is applicable once per SBI Credit Card, per month during the offer period.
Offer is exclusively valid for SBI Credit Card holders.
This offer cannot be combined with any other ongoing promotions or discounts.
AbhiBus reserves the right to disqualify any transaction or discontinue the promotion at any time without prior notice or liability.",Spar SBI Card Select
Get Rs. 200 OFF with SBI Credit Card,Rs. 200,SBICAB,"Use code SBICAB to get flat Rs. 200 off on your bus booking.
Offer valid on a minimum transaction value of Rs.2000 (excluding service charges and taxes).
Maximum discount per transaction is Rs.200.
The coupon code is valid only for payments made on Thursday or Friday during the offer period.
Discount is applicable once per SBI Credit Card, per month during the offer period.
Offer is exclusively valid for SBI Credit Card holders.
This offer cannot be combined with any other ongoing promotions or discounts.
AbhiBus reserves the right to disqualify any transaction or discontinue the promotion at any time without prior notice or liability.",Shaurya Select SBI Credit Card
Get Rs. 200 OFF with SBI Credit Card,Rs. 200,SBICAB,"Use code SBICAB to get flat Rs. 200 off on your bus booking.
Offer valid on a minimum transaction value of Rs.2000 (excluding service charges and taxes).
Maximum discount per transaction is Rs.200.
The coupon code is valid only for payments made on Thursday or Friday during the offer period.
Discount is applicable once per SBI Credit Card, per month during the offer period.
Offer is exclusively valid for SBI Credit Card holders.
This offer cannot be combined with any other ongoing promotions or discounts.
AbhiBus reserves the right to disqualify any transaction or discontinue the promotion at any time without prior notice or liability.",FabIndia SBI Card
Get Rs. 200 OFF with SBI Credit Card,Rs. 200,SBICAB,"Use code SBICAB to get flat Rs. 200 off on your bus booking.
Offer valid on a minimum transaction value of Rs.2000 (excluding service charges and taxes).
Maximum discount per transaction is Rs.200.
The coupon code is valid only for payments made on Thursday or Friday during the offer period.
Discount is applicable once per SBI Credit Card, per month during the offer period.
Offer is exclusively valid for SBI Credit Card holders.
This offer cannot be combined with any other ongoing promotions or discounts.
AbhiBus reserves the right to disqualify any transaction or discontinue the promotion at any time without prior notice or liability.",Simplyclick SBI Card
Get Rs. 200 OFF with SBI Credit Card,Rs. 200,SBICAB,"Use code SBICAB to get flat Rs. 200 off on your bus booking.
Offer valid on a minimum transaction value of Rs.2000 (excluding service charges and taxes).
Maximum discount per transaction is Rs.200.
The coupon code is valid only for payments made on Thursday or Friday during the offer period.
Discount is applicable once per SBI Credit Card, per month during the offer period.
Offer is exclusively valid for SBI Credit Card holders.
This offer cannot be combined with any other ongoing promotions or discounts.
AbhiBus reserves the right to disqualify any transaction or discontinue the promotion at any time without prior notice or liability.",Aditya Birla SBI Card
Get Rs. 200 OFF with SBI Credit Card,Rs. 200,SBICAB,"Use code SBICAB to get flat Rs. 200 off on your bus booking.
Offer valid on a minimum transaction value of Rs.2000 (excluding service charges and taxes).
Maximum discount per transaction is Rs.200.
The coupon code is valid only for payments made on Thursday or Friday during the offer period.
Discount is applicable once per SBI Credit Card, per month during the offer period.
Offer is exclusively valid for SBI Credit Card holders.
This offer cannot be combined with any other ongoing promotions or discounts.
AbhiBus reserves the right to disqualify any transaction or discontinue the promotion at any time without prior notice or liability.",Simplyclick Advantage SBI Card
Get Rs. 200 OFF with SBI Credit Card,Rs. 200,SBICAB,"Use code SBICAB to get flat Rs. 200 off on your bus booking.
Offer valid on a minimum transaction value of Rs.2000 (excluding service charges and taxes).
Maximum discount per transaction is Rs.200.
The coupon code is valid only for payments made on Thursday or Friday during the offer period.
Discount is applicable once per SBI Credit Card, per month during the offer period.
Offer is exclusively valid for SBI Credit Card holders.
This offer cannot be combined with any other ongoing promotions or discounts.
AbhiBus reserves the right to disqualify any transaction or discontinue the promotion at any time without prior notice or liability.",UCO Bank SBI Card Elite
Get Rs. 200 OFF with SBI Credit Card,Rs. 200,SBICAB,"Use code SBICAB to get flat Rs. 200 off on your bus booking.
Offer valid on a minimum transaction value of Rs.2000 (excluding service charges and taxes).
Maximum discount per transaction is Rs.200.
The coupon code is valid only for payments made on Thursday or Friday during the offer period.
Discount is applicable once per SBI Credit Card, per month during the offer period.
Offer is exclusively valid for SBI Credit Card holders.
This offer cannot be combined with any other ongoing promotions or discounts.
AbhiBus reserves the right to disqualify any transaction or discontinue the promotion at any time without prior notice or liability.",Central Bank of India SBI Elite Credit Card
Get Rs. 200 OFF with SBI Credit Card,Rs. 200,SBICAB,"Use code SBICAB to get flat Rs. 200 off on your bus booking.
Offer valid on a minimum transaction value of Rs.2000 (excluding service charges and taxes).
Maximum discount per transaction is Rs.200.
The coupon code is valid only for payments made on Thursday or Friday during the offer period.
Discount is applicable once per SBI Credit Card, per month during the offer period.
Offer is exclusively valid for SBI Credit Card holders.
This offer cannot be combined with any other ongoing promotions or discounts.
AbhiBus reserves the right to disqualify any transaction or discontinue the promotion at any time without prior notice or liability.",SBI Card Elite
Get Rs. 200 OFF with SBI Credit Card,Rs. 200,SBICAB,"Use code SBICAB to get flat Rs. 200 off on your bus booking.
Offer valid on a minimum transaction value of Rs.2000 (excluding service charges and taxes).
Maximum discount per transaction is Rs.200.
The coupon code is valid only for payments made on Thursday or Friday during the offer period.
Discount is applicable once per SBI Credit Card, per month during the offer period.
Offer is exclusively valid for SBI Credit Card holders.
This offer cannot be combined with any other ongoing promotions or discounts.
AbhiBus reserves the right to disqualify any transaction or discontinue the promotion at any time without prior notice or liability.",PSB SBI Card Elite
Get Rs. 200 OFF with SBI Credit Card,Rs. 200,SBICAB,"Use code SBICAB to get flat Rs. 200 off on your bus booking.
Offer valid on a minimum transaction value of Rs.2000 (excluding service charges and taxes).
Maximum discount per transaction is Rs.200.
The coupon code is valid only for payments made on Thursday or Friday during the offer period.
Discount is applicable once per SBI Credit Card, per month during the offer period.
Offer is exclusively valid for SBI Credit Card holders.
This offer cannot be combined with any other ongoing promotions or discounts.
AbhiBus reserves the right to disqualify any transaction or discontinue the promotion at any time without prior notice or liability.",Etihad Guest Premier SBI Card
Get Rs. 200 OFF with SBI Credit Card,Rs. 200,SBICAB,"Use code SBICAB to get flat Rs. 200 off on your bus booking.
Offer valid on a minimum transaction value of Rs.2000 (excluding service charges and taxes).
Maximum discount per transaction is Rs.200.
The coupon code is valid only for payments made on Thursday or Friday during the offer period.
Discount is applicable once per SBI Credit Card, per month during the offer period.
Offer is exclusively valid for SBI Credit Card holders.
This offer cannot be combined with any other ongoing promotions or discounts.
AbhiBus reserves the right to disqualify any transaction or discontinue the promotion at any time without prior notice or liability.",Club Vistara SBI Card
Get Rs. 200 OFF with SBI Credit Card,Rs. 200,SBICAB,"Use code SBICAB to get flat Rs. 200 off on your bus booking.
Offer valid on a minimum transaction value of Rs.2000 (excluding service charges and taxes).
Maximum discount per transaction is Rs.200.
The coupon code is valid only for payments made on Thursday or Friday during the offer period.
Discount is applicable once per SBI Credit Card, per month during the offer period.
Offer is exclusively valid for SBI Credit Card holders.
This offer cannot be combined with any other ongoing promotions or discounts.
AbhiBus reserves the right to disqualify any transaction or discontinue the promotion at any time without prior notice or liability.",Titan SBI Credit Card
Get Rs. 200 OFF with SBI Credit Card,Rs. 200,SBICAB,"Use code SBICAB to get flat Rs. 200 off on your bus booking.
Offer valid on a minimum transaction value of Rs.2000 (excluding service charges and taxes).
Maximum discount per transaction is Rs.200.
The coupon code is valid only for payments made on Thursday or Friday during the offer period.
Discount is applicable once per SBI Credit Card, per month during the offer period.
Offer is exclusively valid for SBI Credit Card holders.
This offer cannot be combined with any other ongoing promotions or discounts.
AbhiBus reserves the right to disqualify any transaction or discontinue the promotion at any time without prior notice or liability.",Club Vistara SBI Card Prime
Get Rs. 200 OFF with SBI Credit Card,Rs. 200,SBICAB,"Use code SBICAB to get flat Rs. 200 off on your bus booking.
Offer valid on a minimum transaction value of Rs.2000 (excluding service charges and taxes).
Maximum discount per transaction is Rs.200.
The coupon code is valid only for payments made on Thursday or Friday during the offer period.
Discount is applicable once per SBI Credit Card, per month during the offer period.
Offer is exclusively valid for SBI Credit Card holders.
This offer cannot be combined with any other ongoing promotions or discounts.
AbhiBus reserves the right to disqualify any transaction or discontinue the promotion at any time without prior notice or liability.",Shaurya SBI Card
Get Rs. 200 OFF with SBI Credit Card,Rs. 200,SBICAB,"Use code SBICAB to get flat Rs. 200 off on your bus booking.
Offer valid on a minimum transaction value of Rs.2000 (excluding service charges and taxes).
Maximum discount per transaction is Rs.200.
The coupon code is valid only for payments made on Thursday or Friday during the offer period.
Discount is applicable once per SBI Credit Card, per month during the offer period.
Offer is exclusively valid for SBI Credit Card holders.
This offer cannot be combined with any other ongoing promotions or discounts.
AbhiBus reserves the right to disqualify any transaction or discontinue the promotion at any time without prior notice or liability.",Reliance SBI Card
Get Rs. 200 OFF with SBI Credit Card,Rs. 200,SBICAB,"Use code SBICAB to get flat Rs. 200 off on your bus booking.
Offer valid on a minimum transaction value of Rs.2000 (excluding service charges and taxes).
Maximum discount per transaction is Rs.200.
The coupon code is valid only for payments made on Thursday or Friday during the offer period.
Discount is applicable once per SBI Credit Card, per month during the offer period.
Offer is exclusively valid for SBI Credit Card holders.
This offer cannot be combined with any other ongoing promotions or discounts.
AbhiBus reserves the right to disqualify any transaction or discontinue the promotion at any time without prior notice or liability.",Yatra SBI Card
Get Rs. 200 OFF with SBI Credit Card,Rs. 200,SBICAB,"Use code SBICAB to get flat Rs. 200 off on your bus booking.
Offer valid on a minimum transaction value of Rs.2000 (excluding service charges and taxes).
Maximum discount per transaction is Rs.200.
The coupon code is valid only for payments made on Thursday or Friday during the offer period.
Discount is applicable once per SBI Credit Card, per month during the offer period.
Offer is exclusively valid for SBI Credit Card holders.
This offer cannot be combined with any other ongoing promotions or discounts.
AbhiBus reserves the right to disqualify any transaction or discontinue the promotion at any time without prior notice or liability.",SimplySave SBI Card
Get Rs. 200 OFF with SBI Credit Card,Rs. 200,SBICAB,"Use code SBICAB to get flat Rs. 200 off on your bus booking.
Offer valid on a minimum transaction value of Rs.2000 (excluding service charges and taxes).
Maximum discount per transaction is Rs.200.
The coupon code is valid only for payments made on Thursday or Friday during the offer period.
Discount is applicable once per SBI Credit Card, per month during the offer period.
Offer is exclusively valid for SBI Credit Card holders.
This offer cannot be combined with any other ongoing promotions or discounts.
AbhiBus reserves the right to disqualify any transaction or discontinue the promotion at any time without prior notice or liability.",Spar SBI Card
Get Rs. 200 OFF with SBI Credit Card,Rs. 200,SBICAB,"Use code SBICAB to get flat Rs. 200 off on your bus booking.
Offer valid on a minimum transaction value of Rs.2000 (excluding service charges and taxes).
Maximum discount per transaction is Rs.200.
The coupon code is valid only for payments made on Thursday or Friday during the offer period.
Discount is applicable once per SBI Credit Card, per month during the offer period.
Offer is exclusively valid for SBI Credit Card holders.
This offer cannot be combined with any other ongoing promotions or discounts.
AbhiBus reserves the right to disqualify any transaction or discontinue the promotion at any time without prior notice or liability.",Simplysave Advantage SBI Card
Get Rs. 200 OFF with SBI Credit Card,Rs. 200,SBICAB,"Use code SBICAB to get flat Rs. 200 off on your bus booking.
Offer valid on a minimum transaction value of Rs.2000 (excluding service charges and taxes).
Maximum discount per transaction is Rs.200.
The coupon code is valid only for payments made on Thursday or Friday during the offer period.
Discount is applicable once per SBI Credit Card, per month during the offer period.
Offer is exclusively valid for SBI Credit Card holders.
This offer cannot be combined with any other ongoing promotions or discounts.
AbhiBus reserves the right to disqualify any transaction or discontinue the promotion at any time without prior notice or liability.",Max SBI Credit Card
Get Rs. 200 OFF with SBI Credit Card,Rs. 200,SBICAB,"Use code SBICAB to get flat Rs. 200 off on your bus booking.
Offer valid on a minimum transaction value of Rs.2000 (excluding service charges and taxes).
Maximum discount per transaction is Rs.200.
The coupon code is valid only for payments made on Thursday or Friday during the offer period.
Discount is applicable once per SBI Credit Card, per month during the offer period.
Offer is exclusively valid for SBI Credit Card holders.
This offer cannot be combined with any other ongoing promotions or discounts.
AbhiBus reserves the right to disqualify any transaction or discontinue the promotion at any time without prior notice or liability.",Lifestyle Home Centre SBI Card
Get Rs. 200 OFF with SBI Credit Card,Rs. 200,SBICAB,"Use code SBICAB to get flat Rs. 200 off on your bus booking.
Offer valid on a minimum transaction value of Rs.2000 (excluding service charges and taxes).
Maximum discount per transaction is Rs.200.
The coupon code is valid only for payments made on Thursday or Friday during the offer period.
Discount is applicable once per SBI Credit Card, per month during the offer period.
Offer is exclusively valid for SBI Credit Card holders.
This offer cannot be combined with any other ongoing promotions or discounts.
AbhiBus reserves the right to disqualify any transaction or discontinue the promotion at any time without prior notice or liability.",Etihad Guest SBI Card
Get Rs. 200 OFF with SBI Credit Card,Rs. 200,SBICAB,"Use code SBICAB to get flat Rs. 200 off on your bus booking.
Offer valid on a minimum transaction value of Rs.2000 (excluding service charges and taxes).
Maximum discount per transaction is Rs.200.
The coupon code is valid only for payments made on Thursday or Friday during the offer period.
Discount is applicable once per SBI Credit Card, per month during the offer period.
Offer is exclusively valid for SBI Credit Card holders.
This offer cannot be combined with any other ongoing promotions or discounts.
AbhiBus reserves the right to disqualify any transaction or discontinue the promotion at any time without prior notice or liability.",Doctor's SBI Card (In Association With IMA)
Get Rs. 200 OFF with SBI Credit Card,Rs. 200,SBICAB,"Use code SBICAB to get flat Rs. 200 off on your bus booking.
Offer valid on a minimum transaction value of Rs.2000 (excluding service charges and taxes).
Maximum discount per transaction is Rs.200.
The coupon code is valid only for payments made on Thursday or Friday during the offer period.
Discount is applicable once per SBI Credit Card, per month during the offer period.
Offer is exclusively valid for SBI Credit Card holders.
This offer cannot be combined with any other ongoing promotions or discounts.
AbhiBus reserves the right to disqualify any transaction or discontinue the promotion at any time without prior notice or liability.",Doctor's SBI Card
Get Rs. 200 OFF with SBI Credit Card,Rs. 200,SBICAB,"Use code SBICAB to get flat Rs. 200 off on your bus booking.
Offer valid on a minimum transaction value of Rs.2000 (excluding service charges and taxes).
Maximum discount per transaction is Rs.200.
The coupon code is valid only for payments made on Thursday or Friday during the offer period.
Discount is applicable once per SBI Credit Card, per month during the offer period.
Offer is exclusively valid for SBI Credit Card holders.
This offer cannot be combined with any other ongoing promotions or discounts.
AbhiBus reserves the right to disqualify any transaction or discontinue the promotion at any time without prior notice or liability.",SBI Card Unnati
Get Rs. 200 OFF with SBI Credit Card,Rs. 200,SBICAB,"Use code SBICAB to get flat Rs. 200 off on your bus booking.
Offer valid on a minimum transaction value of Rs.2000 (excluding service charges and taxes).
Maximum discount per transaction is Rs.200.
The coupon code is valid only for payments made on Thursday or Friday during the offer period.
Discount is applicable once per SBI Credit Card, per month during the offer period.
Offer is exclusively valid for SBI Credit Card holders.
This offer cannot be combined with any other ongoing promotions or discounts.
AbhiBus reserves the right to disqualify any transaction or discontinue the promotion at any time without prior notice or liability.",KrisFlyer SBI Card
Get Rs. 200 OFF with SBI Credit Card,Rs. 200,SBICAB,"Use code SBICAB to get flat Rs. 200 off on your bus booking.
Offer valid on a minimum transaction value of Rs.2000 (excluding service charges and taxes).
Maximum discount per transaction is Rs.200.
The coupon code is valid only for payments made on Thursday or Friday during the offer period.
Discount is applicable once per SBI Credit Card, per month during the offer period.
Offer is exclusively valid for SBI Credit Card holders.
This offer cannot be combined with any other ongoing promotions or discounts.
AbhiBus reserves the right to disqualify any transaction or discontinue the promotion at any time without prior notice or liability.",Tata Neu Infinity RuPay SBI Card
Get Rs. 200 OFF with SBI Credit Card,Rs. 200,SBICAB,"Use code SBICAB to get flat Rs. 200 off on your bus booking.
Offer valid on a minimum transaction value of Rs.2000 (excluding service charges and taxes).
Maximum discount per transaction is Rs.200.
The coupon code is valid only for payments made on Thursday or Friday during the offer period.
Discount is applicable once per SBI Credit Card, per month during the offer period.
Offer is exclusively valid for SBI Credit Card holders.
This offer cannot be combined with any other ongoing promotions or discounts.
AbhiBus reserves the right to disqualify any transaction or discontinue the promotion at any time without prior notice or liability.",SBI Card Miles
Get Rs. 200 OFF with SBI Credit Card,Rs. 200,SBICAB,"Use code SBICAB to get flat Rs. 200 off on your bus booking.
Offer valid on a minimum transaction value of Rs.2000 (excluding service charges and taxes).
Maximum discount per transaction is Rs.200.
The coupon code is valid only for payments made on Thursday or Friday during the offer period.
Discount is applicable once per SBI Credit Card, per month during the offer period.
Offer is exclusively valid for SBI Credit Card holders.
This offer cannot be combined with any other ongoing promotions or discounts.
AbhiBus reserves the right to disqualify any transaction or discontinue the promotion at any time without prior notice or liability.",Tata Neu Plus Visa SBI Card
Get Rs. 200 OFF with SBI Credit Card,Rs. 200,SBICAB,"Use code SBICAB to get flat Rs. 200 off on your bus booking.
Offer valid on a minimum transaction value of Rs.2000 (excluding service charges and taxes).
Maximum discount per transaction is Rs.200.
The coupon code is valid only for payments made on Thursday or Friday during the offer period.
Discount is applicable once per SBI Credit Card, per month during the offer period.
Offer is exclusively valid for SBI Credit Card holders.
This offer cannot be combined with any other ongoing promotions or discounts.
AbhiBus reserves the right to disqualify any transaction or discontinue the promotion at any time without prior notice or liability.",Tata Neu Infinity SBI Card
Get Rs. 200 OFF with SBI Credit Card,Rs. 200,SBICAB,"Use code SBICAB to get flat Rs. 200 off on your bus booking.
Offer valid on a minimum transaction value of Rs.2000 (excluding service charges and taxes).
Maximum discount per transaction is Rs.200.
The coupon code is valid only for payments made on Thursday or Friday during the offer period.
Discount is applicable once per SBI Credit Card, per month during the offer period.
Offer is exclusively valid for SBI Credit Card holders.
This offer cannot be combined with any other ongoing promotions or discounts.
AbhiBus reserves the right to disqualify any transaction or discontinue the promotion at any time without prior notice or liability.","""Tata Neu Plus SBI Card"
Get Rs. 200 OFF with SBI Credit Card,Rs. 200,SBICAB,"Use code SBICAB to get flat Rs. 200 off on your bus booking.
Offer valid on a minimum transaction value of Rs.2000 (excluding service charges and taxes).
Maximum discount per transaction is Rs.200.
The coupon code is valid only for payments made on Thursday or Friday during the offer period.
Discount is applicable once per SBI Credit Card, per month during the offer period.
Offer is exclusively valid for SBI Credit Card holders.
This offer cannot be combined with any other ongoing promotions or discounts.
AbhiBus reserves the right to disqualify any transaction or discontinue the promotion at any time without prior notice or liability.",""""
Get Rs. 200 OFF with SBI Credit Card,Rs. 200,SBICAB,"Use code SBICAB to get flat Rs. 200 off on your bus booking.
Offer valid on a minimum transaction value of Rs.2000 (excluding service charges and taxes).
Maximum discount per transaction is Rs.200.
The coupon code is valid only for payments made on Thursday or Friday during the offer period.
Discount is applicable once per SBI Credit Card, per month during the offer period.
Offer is exclusively valid for SBI Credit Card holders.
This offer cannot be combined with any other ongoing promotions or discounts.
AbhiBus reserves the right to disqualify any transaction or discontinue the promotion at any time without prior notice or liability.",Miles Elite SBI Card
Flat Rs.150 off with AU Bank Credit Card,Rs.150,IXIGOCCBUS,"Apply code IXIGOCCBUS and get flat 10% upto Rs.300 off on your bookings
This offer is applicable only on payments via ixigo - AU bank Credit Card
No minimum transaction value
Users should be logged in to AbhiBus to avail the offer
Offer valid only for Private Bus bookings, and not on Govt SRTC bookings
This offer cannot be combined with any other offer
ixigo and AbhiBus reserves the right to disqualify any transaction or discontinue the offer promotion at any time without notice or liability of whatsoever nature",Ixigo AU Travel Credit Card
Flat 10% off via ixigo - AU Bank Credit Card,10%,ABHIAU150,"Use code ABHIAU150 to Get FLAT Rs. 150 instant discount with an AU Bank Credit Card on your bus booking.
Offer valid for all users, once per user during the offer period.
Offer valid on select AU Bank Credit Cards only.
Valid on a minimum transaction value of Rs. 1500 (excluding service charge & taxes).
Offer valid only on private bus operator bookings, not on SRTCs.
Offer is valid until 30 Sept 2025.
This offer cannot be combined with any other offer.
AbhiBus reserves the right to disqualify any transaction or discontinue the offer promotion at any time without notice or liability of whatsoever nature.",AU Altura Credit Card
Flat 10% off via ixigo - AU Bank Credit Card,10%,ABHIAU150,"Use code ABHIAU150 to Get FLAT Rs. 150 instant discount with an AU Bank Credit Card on your bus booking.
Offer valid for all users, once per user during the offer period.
Offer valid on select AU Bank Credit Cards only.
Valid on a minimum transaction value of Rs. 1500 (excluding service charge & taxes).
Offer valid only on private bus operator bookings, not on SRTCs.
Offer is valid until 30 Sept 2025.
This offer cannot be combined with any other offer.
AbhiBus reserves the right to disqualify any transaction or discontinue the offer promotion at any time without notice or liability of whatsoever nature.",AU Bank Zenith+ Credit Card
Flat 10% off via ixigo - AU Bank Credit Card,10%,ABHIAU150,"Use code ABHIAU150 to Get FLAT Rs. 150 instant discount with an AU Bank Credit Card on your bus booking.
Offer valid for all users, once per user during the offer period.
Offer valid on select AU Bank Credit Cards only.
Valid on a minimum transaction value of Rs. 1500 (excluding service charge & taxes).
Offer valid only on private bus operator bookings, not on SRTCs.
Offer is valid until 30 Sept 2025.
This offer cannot be combined with any other offer.
AbhiBus reserves the right to disqualify any transaction or discontinue the offer promotion at any time without notice or liability of whatsoever nature.",AU Vetta Credit Card
Flat 10% off via ixigo - AU Bank Credit Card,10%,ABHIAU150,"Use code ABHIAU150 to Get FLAT Rs. 150 instant discount with an AU Bank Credit Card on your bus booking.
Offer valid for all users, once per user during the offer period.
Offer valid on select AU Bank Credit Cards only.
Valid on a minimum transaction value of Rs. 1500 (excluding service charge & taxes).
Offer valid only on private bus operator bookings, not on SRTCs.
Offer is valid until 30 Sept 2025.
This offer cannot be combined with any other offer.
AbhiBus reserves the right to disqualify any transaction or discontinue the offer promotion at any time without notice or liability of whatsoever nature.",AU Bank InstaPay Credit Card
Flat 10% off via ixigo - AU Bank Credit Card,10%,ABHIAU150,"Use code ABHIAU150 to Get FLAT Rs. 150 instant discount with an AU Bank Credit Card on your bus booking.
Offer valid for all users, once per user during the offer period.
Offer valid on select AU Bank Credit Cards only.
Valid on a minimum transaction value of Rs. 1500 (excluding service charge & taxes).
Offer valid only on private bus operator bookings, not on SRTCs.
Offer is valid until 30 Sept 2025.
This offer cannot be combined with any other offer.
AbhiBus reserves the right to disqualify any transaction or discontinue the offer promotion at any time without notice or liability of whatsoever nature.",AU Bank Altura Plus Credit Card
Flat 10% off via ixigo - AU Bank Credit Card,10%,ABHIAU150,"Use code ABHIAU150 to Get FLAT Rs. 150 instant discount with an AU Bank Credit Card on your bus booking.
Offer valid for all users, once per user during the offer period.
Offer valid on select AU Bank Credit Cards only.
Valid on a minimum transaction value of Rs. 1500 (excluding service charge & taxes).
Offer valid only on private bus operator bookings, not on SRTCs.
Offer is valid until 30 Sept 2025.
This offer cannot be combined with any other offer.
AbhiBus reserves the right to disqualify any transaction or discontinue the offer promotion at any time without notice or liability of whatsoever nature.",AU Zenith Credit Card
Flat 10% off via ixigo - AU Bank Credit Card,10%,ABHIAU150,"Use code ABHIAU150 to Get FLAT Rs. 150 instant discount with an AU Bank Credit Card on your bus booking.
Offer valid for all users, once per user during the offer period.
Offer valid on select AU Bank Credit Cards only.
Valid on a minimum transaction value of Rs. 1500 (excluding service charge & taxes).
Offer valid only on private bus operator bookings, not on SRTCs.
Offer is valid until 30 Sept 2025.
This offer cannot be combined with any other offer.
AbhiBus reserves the right to disqualify any transaction or discontinue the offer promotion at any time without notice or liability of whatsoever nature.",Ixigo AU Travel Credit Card
Flat 10% off via ixigo - AU Bank Credit Card,10%,ABHIAU150,"Use code ABHIAU150 to Get FLAT Rs. 150 instant discount with an AU Bank Credit Card on your bus booking.
Offer valid for all users, once per user during the offer period.
Offer valid on select AU Bank Credit Cards only.
Valid on a minimum transaction value of Rs. 1500 (excluding service charge & taxes).
Offer valid only on private bus operator bookings, not on SRTCs.
Offer is valid until 30 Sept 2025.
This offer cannot be combined with any other offer.
AbhiBus reserves the right to disqualify any transaction or discontinue the offer promotion at any time without notice or liability of whatsoever nature.",AU LIT Credit Card
Get Rs. 100 OFF with SBM ZET Credit Card,Rs. 100,ABHIZET,"Use code ABHIZET to get 10% discount (up to Rs.100) on your bus booking.
Offer valid on a minimum transaction value of Rs.500 (excluding service charges and taxes).
Maximum discount per transaction is Rs.100.
Discount is applicable twice per SBM ZET Credit Card, per month during the offer period.
Offer is exclusively valid for SBM ZET Credit Card holders.
This offer cannot be combined with any other ongoing promotions or discounts.
AbhiBus reserves the right to disqualify any transaction or discontinue the promotion at any time without prior notice or liability.",SBM Zet Credit Card
