Description,Coupon Code,Image,Link,Eligible Credit Cards,Eligible Debit Cards
"Offer
Deal Code
Flat 10% OFF* (up to ?500)  on Outstation Cabs
Minimum Transaction Amount - ?2000
BOOK NOW
SBIDC
Flat 8% OFF* (up to ?500)  on Buses
Minimum Transaction Amount - ?500
BOOK NOW
SBIDC
Up to 35% OFF* (up to ?35000)  on Holidays Packages
Minimum Transaction Amount - ?30000
BOOK NOW
SBIDC
What do you get?
The customer will receive discounts as per the details mentioned in the table aboveHow.
How do you get it?
To avail the offer customer must enter E-Coupon as per aforementioned table in the E-Coupon field.
The offer will remain valid from every Tuesday Thursday and Friday from 2nd December 2025 to 30th January 2026
The offer is valid for bookings made on MakeMyTrip's website Mobile site Android & iOS App.
The offer is valid once per card per category per week throughout the offer period.
What else do you need to know?
Offer is valid on select holiday packages
To avail the offer the customer must make the full 100% payment upfront after applicable discounts.
The option to pay in instalments shall not be available under this offer
The offer is not applicable on payments made through SBI Card (Credit Card) myCash  3rd party wallets Pay Pal Gift card and net banking.
For Buses
Instant Discount is applied on Base Fare (Pre-Tax Amount).
The offer is applicable on select bus operators only.
The offer will not be applicable on Government buses.
For Cabs
Instant Discount is applied on Final Transaction fare
Steps to redeem:
To avail the offer on Holidays download MakeMyTrip Android or iOS app and then login/register to create your account. Select ?Holiday Packages? on the home screen. Alternatively open https://www.makemytrip.com/ on desktop or mobile browser & select ?Holiday Packages?.
Select ?From City/Departure city? and ?Destination? and press ?Search?
Select the Holiday Package of your choice & click on ?Book Now? tab the bottom.
On the Apply Coupon section click on ?View More Coupons? and apply the new coupon code shared. In case of Instant discount the discount is applied on the Total Basic Cost.
Enter your details under Contact Information and confirm the total amount to be paid by clicking on ?Continue? tab. Make the payment and complete your booking.
The offer can be redeemed offline through MakeMyTrip Holiday Experts by dropping a query or initiating a chat on www.makemytrip.com or visiting our retail outlets.
Conditions in case of cancellation
In case of partial/full cancellation the offer stands void and customer will not be eligible for the discount.
If there is any rescheduling or cancellation customer has to bear the fare difference (regardless of whether the component is in the base fare or in tax + surcharge) and other rescheduling/cancellation fees.
The Cancellation policy as specified on the product page shall be applicable
Terms and Conditions
If the customer doesn't receive the discount he/she must raise the claim at https://support.makemytrip.com/MyAccount/MyIncidents/NewComplaint within 3 months from the booking date. In the event the cardholder fails to do so he/she will not be eligible for the discount amount.
Add-on cards will be treated as separate cards
This offer cannot be clubbed with any other offer of MakeMyTrip
MakeMyTrip reserves the right at any time without prior notice and liability and without assigning any reason whatsoever to add/alter/modify/change or vary all of these terms and conditions or to replace wholly or in part this offer by another offer whether similar to this offer or not or to extend or withdraw it altogether.
For any card related claims the customer will need to approach the State Bank of India. MakeMyTrip shall not entertain any such claims.
MakeMyTrip is the sole authority for the interpretation of these terms
MakeMyTrip shall not be liable for any loss or damage arising due to force majeure event
In the event of any misuse or abuse of the offer by the customer or travel agent MakeMyTrip reserves the right to deny the offer or cancel the booking.
In no event will the entire liability of MakeMyTrip under this offer exceed the amount of promotional discount under this offer
MakeMyTrip shall not be liable to for any indirect punitive special incidental or consequential damages arising out of or in connection with the offer.
Disputes if any arising out of or in connection with this offer shall be subject to the exclusive jurisdiction of the competent courts in Delhi.
User Agreement and Privacy Policy of the MakeMyTrip website will apply
Customers who are travel agents by occupation are barred from making bookings for their customers and MakeMyTrip reserves the right to deny the offer against such bookings or to cancel such bookings. For such cases MakeMyTrip shall not refund the booking amount.
Offer is only valid on the eligible BINs shared by State Bank of India. If the BIN series of the card does not match with the one provided by State Bank of India to MakeMyTrip then the cardholder will need to approach State Bank of India. MakeMyTrip shall be entitled to withhold or deny the offer to the customer.
MakeMyTrip shall not be responsible for any delay improper services provided by any agency airline transport hotel any provider of services for any injury death loss or damage caused by the act or default of the management or employees of any hotel airline shipping companies cruise coach owners coach operators tour operators who are MakeMyTrip?s independent contractors.
MakeMyTrip does not accept responsibility for losses and additional expenses due to delays or changes in air train ships or other services missed connections sicknesses weather strikes quarantine or other causes howsoever caused and all such losses and expenses caused must be borne by the passenger.
All other terms and conditions as listed in the User Agreement available and the Privacy Policy will be applicable to this program. The User Agreement and Privacy Policy are available on the MakeMyTrip website ?https://www.makemytrip.com?
Any date change may incur an additional charge may be applicable on the new date selected by the customer in case package price for new dates are higher.
Any increase or addition in government or hotel taxes would be applicable at the time of final payment.
Cost of expenses of personal nature such as laundry telephone calls room services alcoholic beverages mini bar etc. are not included.
The offer is only valid on holiday package online bookings only. Offer is not valid for standalone hotel or flight bookings. The existing coupon code of Holidays has to be removed to be able to use this new coupon.
In case of amendment or increase in nights of booking difference in price will be charged.
No refund will be made for partially utilized or unutilized services. The itinerary given is indicative and may be altered to suit the final confirmations received on all the services.
Prices are unique and may be based on offers running at the time of booking.",SBIDC,https://promos.makemytrip.com/appfest/2x/sbi-gyt-bg-10112025.jpg,https://www.makemytrip.com/promos/sbi-gt-holiday-offer-101125.html?detail_image=no,,SBI Virtual Debit Card
"Offer
Deal Code
Flat 10% OFF* (up to ?500)  on Outstation Cabs
Minimum Transaction Amount - ?2000
BOOK NOW
SBIDC
Flat 8% OFF* (up to ?500)  on Buses
Minimum Transaction Amount - ?500
BOOK NOW
SBIDC
Up to 35% OFF* (up to ?35000)  on Holidays Packages
Minimum Transaction Amount - ?30000
BOOK NOW
SBIDC
What do you get?
The customer will receive discounts as per the details mentioned in the table aboveHow.
How do you get it?
To avail the offer customer must enter E-Coupon as per aforementioned table in the E-Coupon field.
The offer will remain valid from every Tuesday Thursday and Friday from 2nd December 2025 to 30th January 2026
The offer is valid for bookings made on MakeMyTrip's website Mobile site Android & iOS App.
The offer is valid once per card per category per week throughout the offer period.
What else do you need to know?
Offer is valid on select holiday packages
To avail the offer the customer must make the full 100% payment upfront after applicable discounts.
The option to pay in instalments shall not be available under this offer
The offer is not applicable on payments made through SBI Card (Credit Card) myCash  3rd party wallets Pay Pal Gift card and net banking.
For Buses
Instant Discount is applied on Base Fare (Pre-Tax Amount).
The offer is applicable on select bus operators only.
The offer will not be applicable on Government buses.
For Cabs
Instant Discount is applied on Final Transaction fare
Steps to redeem:
To avail the offer on Holidays download MakeMyTrip Android or iOS app and then login/register to create your account. Select ?Holiday Packages? on the home screen. Alternatively open https://www.makemytrip.com/ on desktop or mobile browser & select ?Holiday Packages?.
Select ?From City/Departure city? and ?Destination? and press ?Search?
Select the Holiday Package of your choice & click on ?Book Now? tab the bottom.
On the Apply Coupon section click on ?View More Coupons? and apply the new coupon code shared. In case of Instant discount the discount is applied on the Total Basic Cost.
Enter your details under Contact Information and confirm the total amount to be paid by clicking on ?Continue? tab. Make the payment and complete your booking.
The offer can be redeemed offline through MakeMyTrip Holiday Experts by dropping a query or initiating a chat on www.makemytrip.com or visiting our retail outlets.
Conditions in case of cancellation
In case of partial/full cancellation the offer stands void and customer will not be eligible for the discount.
If there is any rescheduling or cancellation customer has to bear the fare difference (regardless of whether the component is in the base fare or in tax + surcharge) and other rescheduling/cancellation fees.
The Cancellation policy as specified on the product page shall be applicable
Terms and Conditions
If the customer doesn't receive the discount he/she must raise the claim at https://support.makemytrip.com/MyAccount/MyIncidents/NewComplaint within 3 months from the booking date. In the event the cardholder fails to do so he/she will not be eligible for the discount amount.
Add-on cards will be treated as separate cards
This offer cannot be clubbed with any other offer of MakeMyTrip
MakeMyTrip reserves the right at any time without prior notice and liability and without assigning any reason whatsoever to add/alter/modify/change or vary all of these terms and conditions or to replace wholly or in part this offer by another offer whether similar to this offer or not or to extend or withdraw it altogether.
For any card related claims the customer will need to approach the State Bank of India. MakeMyTrip shall not entertain any such claims.
MakeMyTrip is the sole authority for the interpretation of these terms
MakeMyTrip shall not be liable for any loss or damage arising due to force majeure event
In the event of any misuse or abuse of the offer by the customer or travel agent MakeMyTrip reserves the right to deny the offer or cancel the booking.
In no event will the entire liability of MakeMyTrip under this offer exceed the amount of promotional discount under this offer
MakeMyTrip shall not be liable to for any indirect punitive special incidental or consequential damages arising out of or in connection with the offer.
Disputes if any arising out of or in connection with this offer shall be subject to the exclusive jurisdiction of the competent courts in Delhi.
User Agreement and Privacy Policy of the MakeMyTrip website will apply
Customers who are travel agents by occupation are barred from making bookings for their customers and MakeMyTrip reserves the right to deny the offer against such bookings or to cancel such bookings. For such cases MakeMyTrip shall not refund the booking amount.
Offer is only valid on the eligible BINs shared by State Bank of India. If the BIN series of the card does not match with the one provided by State Bank of India to MakeMyTrip then the cardholder will need to approach State Bank of India. MakeMyTrip shall be entitled to withhold or deny the offer to the customer.
MakeMyTrip shall not be responsible for any delay improper services provided by any agency airline transport hotel any provider of services for any injury death loss or damage caused by the act or default of the management or employees of any hotel airline shipping companies cruise coach owners coach operators tour operators who are MakeMyTrip?s independent contractors.
MakeMyTrip does not accept responsibility for losses and additional expenses due to delays or changes in air train ships or other services missed connections sicknesses weather strikes quarantine or other causes howsoever caused and all such losses and expenses caused must be borne by the passenger.
All other terms and conditions as listed in the User Agreement available and the Privacy Policy will be applicable to this program. The User Agreement and Privacy Policy are available on the MakeMyTrip website ?https://www.makemytrip.com?
Any date change may incur an additional charge may be applicable on the new date selected by the customer in case package price for new dates are higher.
Any increase or addition in government or hotel taxes would be applicable at the time of final payment.
Cost of expenses of personal nature such as laundry telephone calls room services alcoholic beverages mini bar etc. are not included.
The offer is only valid on holiday package online bookings only. Offer is not valid for standalone hotel or flight bookings. The existing coupon code of Holidays has to be removed to be able to use this new coupon.
In case of amendment or increase in nights of booking difference in price will be charged.
No refund will be made for partially utilized or unutilized services. The itinerary given is indicative and may be altered to suit the final confirmations received on all the services.
Prices are unique and may be based on offers running at the time of booking.",SBIDC,https://promos.makemytrip.com/appfest/2x/sbi-gyt-bg-10112025.jpg,https://www.makemytrip.com/promos/sbi-gt-holiday-offer-101125.html?detail_image=no,,SBI Global International Debit Card
"Offer
Deal Code
Flat 10% OFF* (up to ?500)  on Outstation Cabs
Minimum Transaction Amount - ?2000
BOOK NOW
SBIDC
Flat 8% OFF* (up to ?500)  on Buses
Minimum Transaction Amount - ?500
BOOK NOW
SBIDC
Up to 35% OFF* (up to ?35000)  on Holidays Packages
Minimum Transaction Amount - ?30000
BOOK NOW
SBIDC
What do you get?
The customer will receive discounts as per the details mentioned in the table aboveHow.
How do you get it?
To avail the offer customer must enter E-Coupon as per aforementioned table in the E-Coupon field.
The offer will remain valid from every Tuesday Thursday and Friday from 2nd December 2025 to 30th January 2026
The offer is valid for bookings made on MakeMyTrip's website Mobile site Android & iOS App.
The offer is valid once per card per category per week throughout the offer period.
What else do you need to know?
Offer is valid on select holiday packages
To avail the offer the customer must make the full 100% payment upfront after applicable discounts.
The option to pay in instalments shall not be available under this offer
The offer is not applicable on payments made through SBI Card (Credit Card) myCash  3rd party wallets Pay Pal Gift card and net banking.
For Buses
Instant Discount is applied on Base Fare (Pre-Tax Amount).
The offer is applicable on select bus operators only.
The offer will not be applicable on Government buses.
For Cabs
Instant Discount is applied on Final Transaction fare
Steps to redeem:
To avail the offer on Holidays download MakeMyTrip Android or iOS app and then login/register to create your account. Select ?Holiday Packages? on the home screen. Alternatively open https://www.makemytrip.com/ on desktop or mobile browser & select ?Holiday Packages?.
Select ?From City/Departure city? and ?Destination? and press ?Search?
Select the Holiday Package of your choice & click on ?Book Now? tab the bottom.
On the Apply Coupon section click on ?View More Coupons? and apply the new coupon code shared. In case of Instant discount the discount is applied on the Total Basic Cost.
Enter your details under Contact Information and confirm the total amount to be paid by clicking on ?Continue? tab. Make the payment and complete your booking.
The offer can be redeemed offline through MakeMyTrip Holiday Experts by dropping a query or initiating a chat on www.makemytrip.com or visiting our retail outlets.
Conditions in case of cancellation
In case of partial/full cancellation the offer stands void and customer will not be eligible for the discount.
If there is any rescheduling or cancellation customer has to bear the fare difference (regardless of whether the component is in the base fare or in tax + surcharge) and other rescheduling/cancellation fees.
The Cancellation policy as specified on the product page shall be applicable
Terms and Conditions
If the customer doesn't receive the discount he/she must raise the claim at https://support.makemytrip.com/MyAccount/MyIncidents/NewComplaint within 3 months from the booking date. In the event the cardholder fails to do so he/she will not be eligible for the discount amount.
Add-on cards will be treated as separate cards
This offer cannot be clubbed with any other offer of MakeMyTrip
MakeMyTrip reserves the right at any time without prior notice and liability and without assigning any reason whatsoever to add/alter/modify/change or vary all of these terms and conditions or to replace wholly or in part this offer by another offer whether similar to this offer or not or to extend or withdraw it altogether.
For any card related claims the customer will need to approach the State Bank of India. MakeMyTrip shall not entertain any such claims.
MakeMyTrip is the sole authority for the interpretation of these terms
MakeMyTrip shall not be liable for any loss or damage arising due to force majeure event
In the event of any misuse or abuse of the offer by the customer or travel agent MakeMyTrip reserves the right to deny the offer or cancel the booking.
In no event will the entire liability of MakeMyTrip under this offer exceed the amount of promotional discount under this offer
MakeMyTrip shall not be liable to for any indirect punitive special incidental or consequential damages arising out of or in connection with the offer.
Disputes if any arising out of or in connection with this offer shall be subject to the exclusive jurisdiction of the competent courts in Delhi.
User Agreement and Privacy Policy of the MakeMyTrip website will apply
Customers who are travel agents by occupation are barred from making bookings for their customers and MakeMyTrip reserves the right to deny the offer against such bookings or to cancel such bookings. For such cases MakeMyTrip shall not refund the booking amount.
Offer is only valid on the eligible BINs shared by State Bank of India. If the BIN series of the card does not match with the one provided by State Bank of India to MakeMyTrip then the cardholder will need to approach State Bank of India. MakeMyTrip shall be entitled to withhold or deny the offer to the customer.
MakeMyTrip shall not be responsible for any delay improper services provided by any agency airline transport hotel any provider of services for any injury death loss or damage caused by the act or default of the management or employees of any hotel airline shipping companies cruise coach owners coach operators tour operators who are MakeMyTrip?s independent contractors.
MakeMyTrip does not accept responsibility for losses and additional expenses due to delays or changes in air train ships or other services missed connections sicknesses weather strikes quarantine or other causes howsoever caused and all such losses and expenses caused must be borne by the passenger.
All other terms and conditions as listed in the User Agreement available and the Privacy Policy will be applicable to this program. The User Agreement and Privacy Policy are available on the MakeMyTrip website ?https://www.makemytrip.com?
Any date change may incur an additional charge may be applicable on the new date selected by the customer in case package price for new dates are higher.
Any increase or addition in government or hotel taxes would be applicable at the time of final payment.
Cost of expenses of personal nature such as laundry telephone calls room services alcoholic beverages mini bar etc. are not included.
The offer is only valid on holiday package online bookings only. Offer is not valid for standalone hotel or flight bookings. The existing coupon code of Holidays has to be removed to be able to use this new coupon.
In case of amendment or increase in nights of booking difference in price will be charged.
No refund will be made for partially utilized or unutilized services. The itinerary given is indicative and may be altered to suit the final confirmations received on all the services.
Prices are unique and may be based on offers running at the time of booking.",SBIDC,https://promos.makemytrip.com/appfest/2x/sbi-gyt-bg-10112025.jpg,https://www.makemytrip.com/promos/sbi-gt-holiday-offer-101125.html?detail_image=no,,SBI Platinum International Debit Card
"Offer
Deal Code
Flat 10% OFF* (up to ?500)  on Outstation Cabs
Minimum Transaction Amount - ?2000
BOOK NOW
SBIDC
Flat 8% OFF* (up to ?500)  on Buses
Minimum Transaction Amount - ?500
BOOK NOW
SBIDC
Up to 35% OFF* (up to ?35000)  on Holidays Packages
Minimum Transaction Amount - ?30000
BOOK NOW
SBIDC
What do you get?
The customer will receive discounts as per the details mentioned in the table aboveHow.
How do you get it?
To avail the offer customer must enter E-Coupon as per aforementioned table in the E-Coupon field.
The offer will remain valid from every Tuesday Thursday and Friday from 2nd December 2025 to 30th January 2026
The offer is valid for bookings made on MakeMyTrip's website Mobile site Android & iOS App.
The offer is valid once per card per category per week throughout the offer period.
What else do you need to know?
Offer is valid on select holiday packages
To avail the offer the customer must make the full 100% payment upfront after applicable discounts.
The option to pay in instalments shall not be available under this offer
The offer is not applicable on payments made through SBI Card (Credit Card) myCash  3rd party wallets Pay Pal Gift card and net banking.
For Buses
Instant Discount is applied on Base Fare (Pre-Tax Amount).
The offer is applicable on select bus operators only.
The offer will not be applicable on Government buses.
For Cabs
Instant Discount is applied on Final Transaction fare
Steps to redeem:
To avail the offer on Holidays download MakeMyTrip Android or iOS app and then login/register to create your account. Select ?Holiday Packages? on the home screen. Alternatively open https://www.makemytrip.com/ on desktop or mobile browser & select ?Holiday Packages?.
Select ?From City/Departure city? and ?Destination? and press ?Search?
Select the Holiday Package of your choice & click on ?Book Now? tab the bottom.
On the Apply Coupon section click on ?View More Coupons? and apply the new coupon code shared. In case of Instant discount the discount is applied on the Total Basic Cost.
Enter your details under Contact Information and confirm the total amount to be paid by clicking on ?Continue? tab. Make the payment and complete your booking.
The offer can be redeemed offline through MakeMyTrip Holiday Experts by dropping a query or initiating a chat on www.makemytrip.com or visiting our retail outlets.
Conditions in case of cancellation
In case of partial/full cancellation the offer stands void and customer will not be eligible for the discount.
If there is any rescheduling or cancellation customer has to bear the fare difference (regardless of whether the component is in the base fare or in tax + surcharge) and other rescheduling/cancellation fees.
The Cancellation policy as specified on the product page shall be applicable
Terms and Conditions
If the customer doesn't receive the discount he/she must raise the claim at https://support.makemytrip.com/MyAccount/MyIncidents/NewComplaint within 3 months from the booking date. In the event the cardholder fails to do so he/she will not be eligible for the discount amount.
Add-on cards will be treated as separate cards
This offer cannot be clubbed with any other offer of MakeMyTrip
MakeMyTrip reserves the right at any time without prior notice and liability and without assigning any reason whatsoever to add/alter/modify/change or vary all of these terms and conditions or to replace wholly or in part this offer by another offer whether similar to this offer or not or to extend or withdraw it altogether.
For any card related claims the customer will need to approach the State Bank of India. MakeMyTrip shall not entertain any such claims.
MakeMyTrip is the sole authority for the interpretation of these terms
MakeMyTrip shall not be liable for any loss or damage arising due to force majeure event
In the event of any misuse or abuse of the offer by the customer or travel agent MakeMyTrip reserves the right to deny the offer or cancel the booking.
In no event will the entire liability of MakeMyTrip under this offer exceed the amount of promotional discount under this offer
MakeMyTrip shall not be liable to for any indirect punitive special incidental or consequential damages arising out of or in connection with the offer.
Disputes if any arising out of or in connection with this offer shall be subject to the exclusive jurisdiction of the competent courts in Delhi.
User Agreement and Privacy Policy of the MakeMyTrip website will apply
Customers who are travel agents by occupation are barred from making bookings for their customers and MakeMyTrip reserves the right to deny the offer against such bookings or to cancel such bookings. For such cases MakeMyTrip shall not refund the booking amount.
Offer is only valid on the eligible BINs shared by State Bank of India. If the BIN series of the card does not match with the one provided by State Bank of India to MakeMyTrip then the cardholder will need to approach State Bank of India. MakeMyTrip shall be entitled to withhold or deny the offer to the customer.
MakeMyTrip shall not be responsible for any delay improper services provided by any agency airline transport hotel any provider of services for any injury death loss or damage caused by the act or default of the management or employees of any hotel airline shipping companies cruise coach owners coach operators tour operators who are MakeMyTrip?s independent contractors.
MakeMyTrip does not accept responsibility for losses and additional expenses due to delays or changes in air train ships or other services missed connections sicknesses weather strikes quarantine or other causes howsoever caused and all such losses and expenses caused must be borne by the passenger.
All other terms and conditions as listed in the User Agreement available and the Privacy Policy will be applicable to this program. The User Agreement and Privacy Policy are available on the MakeMyTrip website ?https://www.makemytrip.com?
Any date change may incur an additional charge may be applicable on the new date selected by the customer in case package price for new dates are higher.
Any increase or addition in government or hotel taxes would be applicable at the time of final payment.
Cost of expenses of personal nature such as laundry telephone calls room services alcoholic beverages mini bar etc. are not included.
The offer is only valid on holiday package online bookings only. Offer is not valid for standalone hotel or flight bookings. The existing coupon code of Holidays has to be removed to be able to use this new coupon.
In case of amendment or increase in nights of booking difference in price will be charged.
No refund will be made for partially utilized or unutilized services. The itinerary given is indicative and may be altered to suit the final confirmations received on all the services.
Prices are unique and may be based on offers running at the time of booking.",SBIDC,https://promos.makemytrip.com/appfest/2x/sbi-gyt-bg-10112025.jpg,https://www.makemytrip.com/promos/sbi-gt-holiday-offer-101125.html?detail_image=no,,SBI My Card International Debit Card
"Offer
Deal Code
Flat 10% OFF* (up to ?500)  on Outstation Cabs
Minimum Transaction Amount - ?2000
BOOK NOW
SBIDC
Flat 8% OFF* (up to ?500)  on Buses
Minimum Transaction Amount - ?500
BOOK NOW
SBIDC
Up to 35% OFF* (up to ?35000)  on Holidays Packages
Minimum Transaction Amount - ?30000
BOOK NOW
SBIDC
What do you get?
The customer will receive discounts as per the details mentioned in the table aboveHow.
How do you get it?
To avail the offer customer must enter E-Coupon as per aforementioned table in the E-Coupon field.
The offer will remain valid from every Tuesday Thursday and Friday from 2nd December 2025 to 30th January 2026
The offer is valid for bookings made on MakeMyTrip's website Mobile site Android & iOS App.
The offer is valid once per card per category per week throughout the offer period.
What else do you need to know?
Offer is valid on select holiday packages
To avail the offer the customer must make the full 100% payment upfront after applicable discounts.
The option to pay in instalments shall not be available under this offer
The offer is not applicable on payments made through SBI Card (Credit Card) myCash  3rd party wallets Pay Pal Gift card and net banking.
For Buses
Instant Discount is applied on Base Fare (Pre-Tax Amount).
The offer is applicable on select bus operators only.
The offer will not be applicable on Government buses.
For Cabs
Instant Discount is applied on Final Transaction fare
Steps to redeem:
To avail the offer on Holidays download MakeMyTrip Android or iOS app and then login/register to create your account. Select ?Holiday Packages? on the home screen. Alternatively open https://www.makemytrip.com/ on desktop or mobile browser & select ?Holiday Packages?.
Select ?From City/Departure city? and ?Destination? and press ?Search?
Select the Holiday Package of your choice & click on ?Book Now? tab the bottom.
On the Apply Coupon section click on ?View More Coupons? and apply the new coupon code shared. In case of Instant discount the discount is applied on the Total Basic Cost.
Enter your details under Contact Information and confirm the total amount to be paid by clicking on ?Continue? tab. Make the payment and complete your booking.
The offer can be redeemed offline through MakeMyTrip Holiday Experts by dropping a query or initiating a chat on www.makemytrip.com or visiting our retail outlets.
Conditions in case of cancellation
In case of partial/full cancellation the offer stands void and customer will not be eligible for the discount.
If there is any rescheduling or cancellation customer has to bear the fare difference (regardless of whether the component is in the base fare or in tax + surcharge) and other rescheduling/cancellation fees.
The Cancellation policy as specified on the product page shall be applicable
Terms and Conditions
If the customer doesn't receive the discount he/she must raise the claim at https://support.makemytrip.com/MyAccount/MyIncidents/NewComplaint within 3 months from the booking date. In the event the cardholder fails to do so he/she will not be eligible for the discount amount.
Add-on cards will be treated as separate cards
This offer cannot be clubbed with any other offer of MakeMyTrip
MakeMyTrip reserves the right at any time without prior notice and liability and without assigning any reason whatsoever to add/alter/modify/change or vary all of these terms and conditions or to replace wholly or in part this offer by another offer whether similar to this offer or not or to extend or withdraw it altogether.
For any card related claims the customer will need to approach the State Bank of India. MakeMyTrip shall not entertain any such claims.
MakeMyTrip is the sole authority for the interpretation of these terms
MakeMyTrip shall not be liable for any loss or damage arising due to force majeure event
In the event of any misuse or abuse of the offer by the customer or travel agent MakeMyTrip reserves the right to deny the offer or cancel the booking.
In no event will the entire liability of MakeMyTrip under this offer exceed the amount of promotional discount under this offer
MakeMyTrip shall not be liable to for any indirect punitive special incidental or consequential damages arising out of or in connection with the offer.
Disputes if any arising out of or in connection with this offer shall be subject to the exclusive jurisdiction of the competent courts in Delhi.
User Agreement and Privacy Policy of the MakeMyTrip website will apply
Customers who are travel agents by occupation are barred from making bookings for their customers and MakeMyTrip reserves the right to deny the offer against such bookings or to cancel such bookings. For such cases MakeMyTrip shall not refund the booking amount.
Offer is only valid on the eligible BINs shared by State Bank of India. If the BIN series of the card does not match with the one provided by State Bank of India to MakeMyTrip then the cardholder will need to approach State Bank of India. MakeMyTrip shall be entitled to withhold or deny the offer to the customer.
MakeMyTrip shall not be responsible for any delay improper services provided by any agency airline transport hotel any provider of services for any injury death loss or damage caused by the act or default of the management or employees of any hotel airline shipping companies cruise coach owners coach operators tour operators who are MakeMyTrip?s independent contractors.
MakeMyTrip does not accept responsibility for losses and additional expenses due to delays or changes in air train ships or other services missed connections sicknesses weather strikes quarantine or other causes howsoever caused and all such losses and expenses caused must be borne by the passenger.
All other terms and conditions as listed in the User Agreement available and the Privacy Policy will be applicable to this program. The User Agreement and Privacy Policy are available on the MakeMyTrip website ?https://www.makemytrip.com?
Any date change may incur an additional charge may be applicable on the new date selected by the customer in case package price for new dates are higher.
Any increase or addition in government or hotel taxes would be applicable at the time of final payment.
Cost of expenses of personal nature such as laundry telephone calls room services alcoholic beverages mini bar etc. are not included.
The offer is only valid on holiday package online bookings only. Offer is not valid for standalone hotel or flight bookings. The existing coupon code of Holidays has to be removed to be able to use this new coupon.
In case of amendment or increase in nights of booking difference in price will be charged.
No refund will be made for partially utilized or unutilized services. The itinerary given is indicative and may be altered to suit the final confirmations received on all the services.
Prices are unique and may be based on offers running at the time of booking.",SBIDC,https://promos.makemytrip.com/appfest/2x/sbi-gyt-bg-10112025.jpg,https://www.makemytrip.com/promos/sbi-gt-holiday-offer-101125.html?detail_image=no,,SBI IOCL Co-Branded Contactless RuPay Debit Card
"Offer
Deal Code
Flat 10% OFF* (up to ?500)  on Outstation Cabs
Minimum Transaction Amount - ?2000
BOOK NOW
SBIDC
Flat 8% OFF* (up to ?500)  on Buses
Minimum Transaction Amount - ?500
BOOK NOW
SBIDC
Up to 35% OFF* (up to ?35000)  on Holidays Packages
Minimum Transaction Amount - ?30000
BOOK NOW
SBIDC
What do you get?
The customer will receive discounts as per the details mentioned in the table aboveHow.
How do you get it?
To avail the offer customer must enter E-Coupon as per aforementioned table in the E-Coupon field.
The offer will remain valid from every Tuesday Thursday and Friday from 2nd December 2025 to 30th January 2026
The offer is valid for bookings made on MakeMyTrip's website Mobile site Android & iOS App.
The offer is valid once per card per category per week throughout the offer period.
What else do you need to know?
Offer is valid on select holiday packages
To avail the offer the customer must make the full 100% payment upfront after applicable discounts.
The option to pay in instalments shall not be available under this offer
The offer is not applicable on payments made through SBI Card (Credit Card) myCash  3rd party wallets Pay Pal Gift card and net banking.
For Buses
Instant Discount is applied on Base Fare (Pre-Tax Amount).
The offer is applicable on select bus operators only.
The offer will not be applicable on Government buses.
For Cabs
Instant Discount is applied on Final Transaction fare
Steps to redeem:
To avail the offer on Holidays download MakeMyTrip Android or iOS app and then login/register to create your account. Select ?Holiday Packages? on the home screen. Alternatively open https://www.makemytrip.com/ on desktop or mobile browser & select ?Holiday Packages?.
Select ?From City/Departure city? and ?Destination? and press ?Search?
Select the Holiday Package of your choice & click on ?Book Now? tab the bottom.
On the Apply Coupon section click on ?View More Coupons? and apply the new coupon code shared. In case of Instant discount the discount is applied on the Total Basic Cost.
Enter your details under Contact Information and confirm the total amount to be paid by clicking on ?Continue? tab. Make the payment and complete your booking.
The offer can be redeemed offline through MakeMyTrip Holiday Experts by dropping a query or initiating a chat on www.makemytrip.com or visiting our retail outlets.
Conditions in case of cancellation
In case of partial/full cancellation the offer stands void and customer will not be eligible for the discount.
If there is any rescheduling or cancellation customer has to bear the fare difference (regardless of whether the component is in the base fare or in tax + surcharge) and other rescheduling/cancellation fees.
The Cancellation policy as specified on the product page shall be applicable
Terms and Conditions
If the customer doesn't receive the discount he/she must raise the claim at https://support.makemytrip.com/MyAccount/MyIncidents/NewComplaint within 3 months from the booking date. In the event the cardholder fails to do so he/she will not be eligible for the discount amount.
Add-on cards will be treated as separate cards
This offer cannot be clubbed with any other offer of MakeMyTrip
MakeMyTrip reserves the right at any time without prior notice and liability and without assigning any reason whatsoever to add/alter/modify/change or vary all of these terms and conditions or to replace wholly or in part this offer by another offer whether similar to this offer or not or to extend or withdraw it altogether.
For any card related claims the customer will need to approach the State Bank of India. MakeMyTrip shall not entertain any such claims.
MakeMyTrip is the sole authority for the interpretation of these terms
MakeMyTrip shall not be liable for any loss or damage arising due to force majeure event
In the event of any misuse or abuse of the offer by the customer or travel agent MakeMyTrip reserves the right to deny the offer or cancel the booking.
In no event will the entire liability of MakeMyTrip under this offer exceed the amount of promotional discount under this offer
MakeMyTrip shall not be liable to for any indirect punitive special incidental or consequential damages arising out of or in connection with the offer.
Disputes if any arising out of or in connection with this offer shall be subject to the exclusive jurisdiction of the competent courts in Delhi.
User Agreement and Privacy Policy of the MakeMyTrip website will apply
Customers who are travel agents by occupation are barred from making bookings for their customers and MakeMyTrip reserves the right to deny the offer against such bookings or to cancel such bookings. For such cases MakeMyTrip shall not refund the booking amount.
Offer is only valid on the eligible BINs shared by State Bank of India. If the BIN series of the card does not match with the one provided by State Bank of India to MakeMyTrip then the cardholder will need to approach State Bank of India. MakeMyTrip shall be entitled to withhold or deny the offer to the customer.
MakeMyTrip shall not be responsible for any delay improper services provided by any agency airline transport hotel any provider of services for any injury death loss or damage caused by the act or default of the management or employees of any hotel airline shipping companies cruise coach owners coach operators tour operators who are MakeMyTrip?s independent contractors.
MakeMyTrip does not accept responsibility for losses and additional expenses due to delays or changes in air train ships or other services missed connections sicknesses weather strikes quarantine or other causes howsoever caused and all such losses and expenses caused must be borne by the passenger.
All other terms and conditions as listed in the User Agreement available and the Privacy Policy will be applicable to this program. The User Agreement and Privacy Policy are available on the MakeMyTrip website ?https://www.makemytrip.com?
Any date change may incur an additional charge may be applicable on the new date selected by the customer in case package price for new dates are higher.
Any increase or addition in government or hotel taxes would be applicable at the time of final payment.
Cost of expenses of personal nature such as laundry telephone calls room services alcoholic beverages mini bar etc. are not included.
The offer is only valid on holiday package online bookings only. Offer is not valid for standalone hotel or flight bookings. The existing coupon code of Holidays has to be removed to be able to use this new coupon.
In case of amendment or increase in nights of booking difference in price will be charged.
No refund will be made for partially utilized or unutilized services. The itinerary given is indicative and may be altered to suit the final confirmations received on all the services.
Prices are unique and may be based on offers running at the time of booking.",SBIDC,https://promos.makemytrip.com/appfest/2x/sbi-gyt-bg-10112025.jpg,https://www.makemytrip.com/promos/sbi-gt-holiday-offer-101125.html?detail_image=no,,SBI Gold International Debit Card
"Offer
Deal Code
Flat 10% OFF* (up to ?500)  on Outstation Cabs
Minimum Transaction Amount - ?2000
BOOK NOW
SBIDC
Flat 8% OFF* (up to ?500)  on Buses
Minimum Transaction Amount - ?500
BOOK NOW
SBIDC
Up to 35% OFF* (up to ?35000)  on Holidays Packages
Minimum Transaction Amount - ?30000
BOOK NOW
SBIDC
What do you get?
The customer will receive discounts as per the details mentioned in the table aboveHow.
How do you get it?
To avail the offer customer must enter E-Coupon as per aforementioned table in the E-Coupon field.
The offer will remain valid from every Tuesday Thursday and Friday from 2nd December 2025 to 30th January 2026
The offer is valid for bookings made on MakeMyTrip's website Mobile site Android & iOS App.
The offer is valid once per card per category per week throughout the offer period.
What else do you need to know?
Offer is valid on select holiday packages
To avail the offer the customer must make the full 100% payment upfront after applicable discounts.
The option to pay in instalments shall not be available under this offer
The offer is not applicable on payments made through SBI Card (Credit Card) myCash  3rd party wallets Pay Pal Gift card and net banking.
For Buses
Instant Discount is applied on Base Fare (Pre-Tax Amount).
The offer is applicable on select bus operators only.
The offer will not be applicable on Government buses.
For Cabs
Instant Discount is applied on Final Transaction fare
Steps to redeem:
To avail the offer on Holidays download MakeMyTrip Android or iOS app and then login/register to create your account. Select ?Holiday Packages? on the home screen. Alternatively open https://www.makemytrip.com/ on desktop or mobile browser & select ?Holiday Packages?.
Select ?From City/Departure city? and ?Destination? and press ?Search?
Select the Holiday Package of your choice & click on ?Book Now? tab the bottom.
On the Apply Coupon section click on ?View More Coupons? and apply the new coupon code shared. In case of Instant discount the discount is applied on the Total Basic Cost.
Enter your details under Contact Information and confirm the total amount to be paid by clicking on ?Continue? tab. Make the payment and complete your booking.
The offer can be redeemed offline through MakeMyTrip Holiday Experts by dropping a query or initiating a chat on www.makemytrip.com or visiting our retail outlets.
Conditions in case of cancellation
In case of partial/full cancellation the offer stands void and customer will not be eligible for the discount.
If there is any rescheduling or cancellation customer has to bear the fare difference (regardless of whether the component is in the base fare or in tax + surcharge) and other rescheduling/cancellation fees.
The Cancellation policy as specified on the product page shall be applicable
Terms and Conditions
If the customer doesn't receive the discount he/she must raise the claim at https://support.makemytrip.com/MyAccount/MyIncidents/NewComplaint within 3 months from the booking date. In the event the cardholder fails to do so he/she will not be eligible for the discount amount.
Add-on cards will be treated as separate cards
This offer cannot be clubbed with any other offer of MakeMyTrip
MakeMyTrip reserves the right at any time without prior notice and liability and without assigning any reason whatsoever to add/alter/modify/change or vary all of these terms and conditions or to replace wholly or in part this offer by another offer whether similar to this offer or not or to extend or withdraw it altogether.
For any card related claims the customer will need to approach the State Bank of India. MakeMyTrip shall not entertain any such claims.
MakeMyTrip is the sole authority for the interpretation of these terms
MakeMyTrip shall not be liable for any loss or damage arising due to force majeure event
In the event of any misuse or abuse of the offer by the customer or travel agent MakeMyTrip reserves the right to deny the offer or cancel the booking.
In no event will the entire liability of MakeMyTrip under this offer exceed the amount of promotional discount under this offer
MakeMyTrip shall not be liable to for any indirect punitive special incidental or consequential damages arising out of or in connection with the offer.
Disputes if any arising out of or in connection with this offer shall be subject to the exclusive jurisdiction of the competent courts in Delhi.
User Agreement and Privacy Policy of the MakeMyTrip website will apply
Customers who are travel agents by occupation are barred from making bookings for their customers and MakeMyTrip reserves the right to deny the offer against such bookings or to cancel such bookings. For such cases MakeMyTrip shall not refund the booking amount.
Offer is only valid on the eligible BINs shared by State Bank of India. If the BIN series of the card does not match with the one provided by State Bank of India to MakeMyTrip then the cardholder will need to approach State Bank of India. MakeMyTrip shall be entitled to withhold or deny the offer to the customer.
MakeMyTrip shall not be responsible for any delay improper services provided by any agency airline transport hotel any provider of services for any injury death loss or damage caused by the act or default of the management or employees of any hotel airline shipping companies cruise coach owners coach operators tour operators who are MakeMyTrip?s independent contractors.
MakeMyTrip does not accept responsibility for losses and additional expenses due to delays or changes in air train ships or other services missed connections sicknesses weather strikes quarantine or other causes howsoever caused and all such losses and expenses caused must be borne by the passenger.
All other terms and conditions as listed in the User Agreement available and the Privacy Policy will be applicable to this program. The User Agreement and Privacy Policy are available on the MakeMyTrip website ?https://www.makemytrip.com?
Any date change may incur an additional charge may be applicable on the new date selected by the customer in case package price for new dates are higher.
Any increase or addition in government or hotel taxes would be applicable at the time of final payment.
Cost of expenses of personal nature such as laundry telephone calls room services alcoholic beverages mini bar etc. are not included.
The offer is only valid on holiday package online bookings only. Offer is not valid for standalone hotel or flight bookings. The existing coupon code of Holidays has to be removed to be able to use this new coupon.
In case of amendment or increase in nights of booking difference in price will be charged.
No refund will be made for partially utilized or unutilized services. The itinerary given is indicative and may be altered to suit the final confirmations received on all the services.
Prices are unique and may be based on offers running at the time of booking.",SBIDC,https://promos.makemytrip.com/appfest/2x/sbi-gyt-bg-10112025.jpg,https://www.makemytrip.com/promos/sbi-gt-holiday-offer-101125.html?detail_image=no,,SBI Nari Shakti Platinum Debit Card
"Offer
Deal Code
Flat 10% OFF* (up to ?500)  on Outstation Cabs
Minimum Transaction Amount - ?2000
BOOK NOW
SBIDC
Flat 8% OFF* (up to ?500)  on Buses
Minimum Transaction Amount - ?500
BOOK NOW
SBIDC
Up to 35% OFF* (up to ?35000)  on Holidays Packages
Minimum Transaction Amount - ?30000
BOOK NOW
SBIDC
What do you get?
The customer will receive discounts as per the details mentioned in the table aboveHow.
How do you get it?
To avail the offer customer must enter E-Coupon as per aforementioned table in the E-Coupon field.
The offer will remain valid from every Tuesday Thursday and Friday from 2nd December 2025 to 30th January 2026
The offer is valid for bookings made on MakeMyTrip's website Mobile site Android & iOS App.
The offer is valid once per card per category per week throughout the offer period.
What else do you need to know?
Offer is valid on select holiday packages
To avail the offer the customer must make the full 100% payment upfront after applicable discounts.
The option to pay in instalments shall not be available under this offer
The offer is not applicable on payments made through SBI Card (Credit Card) myCash  3rd party wallets Pay Pal Gift card and net banking.
For Buses
Instant Discount is applied on Base Fare (Pre-Tax Amount).
The offer is applicable on select bus operators only.
The offer will not be applicable on Government buses.
For Cabs
Instant Discount is applied on Final Transaction fare
Steps to redeem:
To avail the offer on Holidays download MakeMyTrip Android or iOS app and then login/register to create your account. Select ?Holiday Packages? on the home screen. Alternatively open https://www.makemytrip.com/ on desktop or mobile browser & select ?Holiday Packages?.
Select ?From City/Departure city? and ?Destination? and press ?Search?
Select the Holiday Package of your choice & click on ?Book Now? tab the bottom.
On the Apply Coupon section click on ?View More Coupons? and apply the new coupon code shared. In case of Instant discount the discount is applied on the Total Basic Cost.
Enter your details under Contact Information and confirm the total amount to be paid by clicking on ?Continue? tab. Make the payment and complete your booking.
The offer can be redeemed offline through MakeMyTrip Holiday Experts by dropping a query or initiating a chat on www.makemytrip.com or visiting our retail outlets.
Conditions in case of cancellation
In case of partial/full cancellation the offer stands void and customer will not be eligible for the discount.
If there is any rescheduling or cancellation customer has to bear the fare difference (regardless of whether the component is in the base fare or in tax + surcharge) and other rescheduling/cancellation fees.
The Cancellation policy as specified on the product page shall be applicable
Terms and Conditions
If the customer doesn't receive the discount he/she must raise the claim at https://support.makemytrip.com/MyAccount/MyIncidents/NewComplaint within 3 months from the booking date. In the event the cardholder fails to do so he/she will not be eligible for the discount amount.
Add-on cards will be treated as separate cards
This offer cannot be clubbed with any other offer of MakeMyTrip
MakeMyTrip reserves the right at any time without prior notice and liability and without assigning any reason whatsoever to add/alter/modify/change or vary all of these terms and conditions or to replace wholly or in part this offer by another offer whether similar to this offer or not or to extend or withdraw it altogether.
For any card related claims the customer will need to approach the State Bank of India. MakeMyTrip shall not entertain any such claims.
MakeMyTrip is the sole authority for the interpretation of these terms
MakeMyTrip shall not be liable for any loss or damage arising due to force majeure event
In the event of any misuse or abuse of the offer by the customer or travel agent MakeMyTrip reserves the right to deny the offer or cancel the booking.
In no event will the entire liability of MakeMyTrip under this offer exceed the amount of promotional discount under this offer
MakeMyTrip shall not be liable to for any indirect punitive special incidental or consequential damages arising out of or in connection with the offer.
Disputes if any arising out of or in connection with this offer shall be subject to the exclusive jurisdiction of the competent courts in Delhi.
User Agreement and Privacy Policy of the MakeMyTrip website will apply
Customers who are travel agents by occupation are barred from making bookings for their customers and MakeMyTrip reserves the right to deny the offer against such bookings or to cancel such bookings. For such cases MakeMyTrip shall not refund the booking amount.
Offer is only valid on the eligible BINs shared by State Bank of India. If the BIN series of the card does not match with the one provided by State Bank of India to MakeMyTrip then the cardholder will need to approach State Bank of India. MakeMyTrip shall be entitled to withhold or deny the offer to the customer.
MakeMyTrip shall not be responsible for any delay improper services provided by any agency airline transport hotel any provider of services for any injury death loss or damage caused by the act or default of the management or employees of any hotel airline shipping companies cruise coach owners coach operators tour operators who are MakeMyTrip?s independent contractors.
MakeMyTrip does not accept responsibility for losses and additional expenses due to delays or changes in air train ships or other services missed connections sicknesses weather strikes quarantine or other causes howsoever caused and all such losses and expenses caused must be borne by the passenger.
All other terms and conditions as listed in the User Agreement available and the Privacy Policy will be applicable to this program. The User Agreement and Privacy Policy are available on the MakeMyTrip website ?https://www.makemytrip.com?
Any date change may incur an additional charge may be applicable on the new date selected by the customer in case package price for new dates are higher.
Any increase or addition in government or hotel taxes would be applicable at the time of final payment.
Cost of expenses of personal nature such as laundry telephone calls room services alcoholic beverages mini bar etc. are not included.
The offer is only valid on holiday package online bookings only. Offer is not valid for standalone hotel or flight bookings. The existing coupon code of Holidays has to be removed to be able to use this new coupon.
In case of amendment or increase in nights of booking difference in price will be charged.
No refund will be made for partially utilized or unutilized services. The itinerary given is indicative and may be altered to suit the final confirmations received on all the services.
Prices are unique and may be based on offers running at the time of booking.",SBIDC,https://promos.makemytrip.com/appfest/2x/sbi-gyt-bg-10112025.jpg,https://www.makemytrip.com/promos/sbi-gt-holiday-offer-101125.html?detail_image=no,,SBI Pragati Platinum Debit Card
"Offer
Deal Code
Flat 10% OFF* (up to ?500)  on Outstation Cabs
Minimum Transaction Amount - ?2000
BOOK NOW
SBIDC
Flat 8% OFF* (up to ?500)  on Buses
Minimum Transaction Amount - ?500
BOOK NOW
SBIDC
Up to 35% OFF* (up to ?35000)  on Holidays Packages
Minimum Transaction Amount - ?30000
BOOK NOW
SBIDC
What do you get?
The customer will receive discounts as per the details mentioned in the table aboveHow.
How do you get it?
To avail the offer customer must enter E-Coupon as per aforementioned table in the E-Coupon field.
The offer will remain valid from every Tuesday Thursday and Friday from 2nd December 2025 to 30th January 2026
The offer is valid for bookings made on MakeMyTrip's website Mobile site Android & iOS App.
The offer is valid once per card per category per week throughout the offer period.
What else do you need to know?
Offer is valid on select holiday packages
To avail the offer the customer must make the full 100% payment upfront after applicable discounts.
The option to pay in instalments shall not be available under this offer
The offer is not applicable on payments made through SBI Card (Credit Card) myCash  3rd party wallets Pay Pal Gift card and net banking.
For Buses
Instant Discount is applied on Base Fare (Pre-Tax Amount).
The offer is applicable on select bus operators only.
The offer will not be applicable on Government buses.
For Cabs
Instant Discount is applied on Final Transaction fare
Steps to redeem:
To avail the offer on Holidays download MakeMyTrip Android or iOS app and then login/register to create your account. Select ?Holiday Packages? on the home screen. Alternatively open https://www.makemytrip.com/ on desktop or mobile browser & select ?Holiday Packages?.
Select ?From City/Departure city? and ?Destination? and press ?Search?
Select the Holiday Package of your choice & click on ?Book Now? tab the bottom.
On the Apply Coupon section click on ?View More Coupons? and apply the new coupon code shared. In case of Instant discount the discount is applied on the Total Basic Cost.
Enter your details under Contact Information and confirm the total amount to be paid by clicking on ?Continue? tab. Make the payment and complete your booking.
The offer can be redeemed offline through MakeMyTrip Holiday Experts by dropping a query or initiating a chat on www.makemytrip.com or visiting our retail outlets.
Conditions in case of cancellation
In case of partial/full cancellation the offer stands void and customer will not be eligible for the discount.
If there is any rescheduling or cancellation customer has to bear the fare difference (regardless of whether the component is in the base fare or in tax + surcharge) and other rescheduling/cancellation fees.
The Cancellation policy as specified on the product page shall be applicable
Terms and Conditions
If the customer doesn't receive the discount he/she must raise the claim at https://support.makemytrip.com/MyAccount/MyIncidents/NewComplaint within 3 months from the booking date. In the event the cardholder fails to do so he/she will not be eligible for the discount amount.
Add-on cards will be treated as separate cards
This offer cannot be clubbed with any other offer of MakeMyTrip
MakeMyTrip reserves the right at any time without prior notice and liability and without assigning any reason whatsoever to add/alter/modify/change or vary all of these terms and conditions or to replace wholly or in part this offer by another offer whether similar to this offer or not or to extend or withdraw it altogether.
For any card related claims the customer will need to approach the State Bank of India. MakeMyTrip shall not entertain any such claims.
MakeMyTrip is the sole authority for the interpretation of these terms
MakeMyTrip shall not be liable for any loss or damage arising due to force majeure event
In the event of any misuse or abuse of the offer by the customer or travel agent MakeMyTrip reserves the right to deny the offer or cancel the booking.
In no event will the entire liability of MakeMyTrip under this offer exceed the amount of promotional discount under this offer
MakeMyTrip shall not be liable to for any indirect punitive special incidental or consequential damages arising out of or in connection with the offer.
Disputes if any arising out of or in connection with this offer shall be subject to the exclusive jurisdiction of the competent courts in Delhi.
User Agreement and Privacy Policy of the MakeMyTrip website will apply
Customers who are travel agents by occupation are barred from making bookings for their customers and MakeMyTrip reserves the right to deny the offer against such bookings or to cancel such bookings. For such cases MakeMyTrip shall not refund the booking amount.
Offer is only valid on the eligible BINs shared by State Bank of India. If the BIN series of the card does not match with the one provided by State Bank of India to MakeMyTrip then the cardholder will need to approach State Bank of India. MakeMyTrip shall be entitled to withhold or deny the offer to the customer.
MakeMyTrip shall not be responsible for any delay improper services provided by any agency airline transport hotel any provider of services for any injury death loss or damage caused by the act or default of the management or employees of any hotel airline shipping companies cruise coach owners coach operators tour operators who are MakeMyTrip?s independent contractors.
MakeMyTrip does not accept responsibility for losses and additional expenses due to delays or changes in air train ships or other services missed connections sicknesses weather strikes quarantine or other causes howsoever caused and all such losses and expenses caused must be borne by the passenger.
All other terms and conditions as listed in the User Agreement available and the Privacy Policy will be applicable to this program. The User Agreement and Privacy Policy are available on the MakeMyTrip website ?https://www.makemytrip.com?
Any date change may incur an additional charge may be applicable on the new date selected by the customer in case package price for new dates are higher.
Any increase or addition in government or hotel taxes would be applicable at the time of final payment.
Cost of expenses of personal nature such as laundry telephone calls room services alcoholic beverages mini bar etc. are not included.
The offer is only valid on holiday package online bookings only. Offer is not valid for standalone hotel or flight bookings. The existing coupon code of Holidays has to be removed to be able to use this new coupon.
In case of amendment or increase in nights of booking difference in price will be charged.
No refund will be made for partially utilized or unutilized services. The itinerary given is indicative and may be altered to suit the final confirmations received on all the services.
Prices are unique and may be based on offers running at the time of booking.",SBIDC,https://promos.makemytrip.com/appfest/2x/sbi-gyt-bg-10112025.jpg,https://www.makemytrip.com/promos/sbi-gt-holiday-offer-101125.html?detail_image=no,,SBI Mastercard World Debit Card
"Offer
Deal Code
Flat 10% OFF* (up to ?500)  on Outstation Cabs
Minimum Transaction Amount - ?2000
BOOK NOW
SBIDC
Flat 8% OFF* (up to ?500)  on Buses
Minimum Transaction Amount - ?500
BOOK NOW
SBIDC
Up to 35% OFF* (up to ?35000)  on Holidays Packages
Minimum Transaction Amount - ?30000
BOOK NOW
SBIDC
What do you get?
The customer will receive discounts as per the details mentioned in the table aboveHow.
How do you get it?
To avail the offer customer must enter E-Coupon as per aforementioned table in the E-Coupon field.
The offer will remain valid from every Tuesday Thursday and Friday from 2nd December 2025 to 30th January 2026
The offer is valid for bookings made on MakeMyTrip's website Mobile site Android & iOS App.
The offer is valid once per card per category per week throughout the offer period.
What else do you need to know?
Offer is valid on select holiday packages
To avail the offer the customer must make the full 100% payment upfront after applicable discounts.
The option to pay in instalments shall not be available under this offer
The offer is not applicable on payments made through SBI Card (Credit Card) myCash  3rd party wallets Pay Pal Gift card and net banking.
For Buses
Instant Discount is applied on Base Fare (Pre-Tax Amount).
The offer is applicable on select bus operators only.
The offer will not be applicable on Government buses.
For Cabs
Instant Discount is applied on Final Transaction fare
Steps to redeem:
To avail the offer on Holidays download MakeMyTrip Android or iOS app and then login/register to create your account. Select ?Holiday Packages? on the home screen. Alternatively open https://www.makemytrip.com/ on desktop or mobile browser & select ?Holiday Packages?.
Select ?From City/Departure city? and ?Destination? and press ?Search?
Select the Holiday Package of your choice & click on ?Book Now? tab the bottom.
On the Apply Coupon section click on ?View More Coupons? and apply the new coupon code shared. In case of Instant discount the discount is applied on the Total Basic Cost.
Enter your details under Contact Information and confirm the total amount to be paid by clicking on ?Continue? tab. Make the payment and complete your booking.
The offer can be redeemed offline through MakeMyTrip Holiday Experts by dropping a query or initiating a chat on www.makemytrip.com or visiting our retail outlets.
Conditions in case of cancellation
In case of partial/full cancellation the offer stands void and customer will not be eligible for the discount.
If there is any rescheduling or cancellation customer has to bear the fare difference (regardless of whether the component is in the base fare or in tax + surcharge) and other rescheduling/cancellation fees.
The Cancellation policy as specified on the product page shall be applicable
Terms and Conditions
If the customer doesn't receive the discount he/she must raise the claim at https://support.makemytrip.com/MyAccount/MyIncidents/NewComplaint within 3 months from the booking date. In the event the cardholder fails to do so he/she will not be eligible for the discount amount.
Add-on cards will be treated as separate cards
This offer cannot be clubbed with any other offer of MakeMyTrip
MakeMyTrip reserves the right at any time without prior notice and liability and without assigning any reason whatsoever to add/alter/modify/change or vary all of these terms and conditions or to replace wholly or in part this offer by another offer whether similar to this offer or not or to extend or withdraw it altogether.
For any card related claims the customer will need to approach the State Bank of India. MakeMyTrip shall not entertain any such claims.
MakeMyTrip is the sole authority for the interpretation of these terms
MakeMyTrip shall not be liable for any loss or damage arising due to force majeure event
In the event of any misuse or abuse of the offer by the customer or travel agent MakeMyTrip reserves the right to deny the offer or cancel the booking.
In no event will the entire liability of MakeMyTrip under this offer exceed the amount of promotional discount under this offer
MakeMyTrip shall not be liable to for any indirect punitive special incidental or consequential damages arising out of or in connection with the offer.
Disputes if any arising out of or in connection with this offer shall be subject to the exclusive jurisdiction of the competent courts in Delhi.
User Agreement and Privacy Policy of the MakeMyTrip website will apply
Customers who are travel agents by occupation are barred from making bookings for their customers and MakeMyTrip reserves the right to deny the offer against such bookings or to cancel such bookings. For such cases MakeMyTrip shall not refund the booking amount.
Offer is only valid on the eligible BINs shared by State Bank of India. If the BIN series of the card does not match with the one provided by State Bank of India to MakeMyTrip then the cardholder will need to approach State Bank of India. MakeMyTrip shall be entitled to withhold or deny the offer to the customer.
MakeMyTrip shall not be responsible for any delay improper services provided by any agency airline transport hotel any provider of services for any injury death loss or damage caused by the act or default of the management or employees of any hotel airline shipping companies cruise coach owners coach operators tour operators who are MakeMyTrip?s independent contractors.
MakeMyTrip does not accept responsibility for losses and additional expenses due to delays or changes in air train ships or other services missed connections sicknesses weather strikes quarantine or other causes howsoever caused and all such losses and expenses caused must be borne by the passenger.
All other terms and conditions as listed in the User Agreement available and the Privacy Policy will be applicable to this program. The User Agreement and Privacy Policy are available on the MakeMyTrip website ?https://www.makemytrip.com?
Any date change may incur an additional charge may be applicable on the new date selected by the customer in case package price for new dates are higher.
Any increase or addition in government or hotel taxes would be applicable at the time of final payment.
Cost of expenses of personal nature such as laundry telephone calls room services alcoholic beverages mini bar etc. are not included.
The offer is only valid on holiday package online bookings only. Offer is not valid for standalone hotel or flight bookings. The existing coupon code of Holidays has to be removed to be able to use this new coupon.
In case of amendment or increase in nights of booking difference in price will be charged.
No refund will be made for partially utilized or unutilized services. The itinerary given is indicative and may be altered to suit the final confirmations received on all the services.
Prices are unique and may be based on offers running at the time of booking.",SBIDC,https://promos.makemytrip.com/appfest/2x/sbi-gyt-bg-10112025.jpg,https://www.makemytrip.com/promos/sbi-gt-holiday-offer-101125.html?detail_image=no,,HPCL Co-Branded Debit Card-Everyday Card
"Offer
Deal Code
Flat 10% OFF* (up to ?500)  on Outstation Cabs
Minimum Transaction Amount - ?2000
BOOK NOW
SBIDC
Flat 8% OFF* (up to ?500)  on Buses
Minimum Transaction Amount - ?500
BOOK NOW
SBIDC
Up to 35% OFF* (up to ?35000)  on Holidays Packages
Minimum Transaction Amount - ?30000
BOOK NOW
SBIDC
What do you get?
The customer will receive discounts as per the details mentioned in the table aboveHow.
How do you get it?
To avail the offer customer must enter E-Coupon as per aforementioned table in the E-Coupon field.
The offer will remain valid from every Tuesday Thursday and Friday from 2nd December 2025 to 30th January 2026
The offer is valid for bookings made on MakeMyTrip's website Mobile site Android & iOS App.
The offer is valid once per card per category per week throughout the offer period.
What else do you need to know?
Offer is valid on select holiday packages
To avail the offer the customer must make the full 100% payment upfront after applicable discounts.
The option to pay in instalments shall not be available under this offer
The offer is not applicable on payments made through SBI Card (Credit Card) myCash  3rd party wallets Pay Pal Gift card and net banking.
For Buses
Instant Discount is applied on Base Fare (Pre-Tax Amount).
The offer is applicable on select bus operators only.
The offer will not be applicable on Government buses.
For Cabs
Instant Discount is applied on Final Transaction fare
Steps to redeem:
To avail the offer on Holidays download MakeMyTrip Android or iOS app and then login/register to create your account. Select ?Holiday Packages? on the home screen. Alternatively open https://www.makemytrip.com/ on desktop or mobile browser & select ?Holiday Packages?.
Select ?From City/Departure city? and ?Destination? and press ?Search?
Select the Holiday Package of your choice & click on ?Book Now? tab the bottom.
On the Apply Coupon section click on ?View More Coupons? and apply the new coupon code shared. In case of Instant discount the discount is applied on the Total Basic Cost.
Enter your details under Contact Information and confirm the total amount to be paid by clicking on ?Continue? tab. Make the payment and complete your booking.
The offer can be redeemed offline through MakeMyTrip Holiday Experts by dropping a query or initiating a chat on www.makemytrip.com or visiting our retail outlets.
Conditions in case of cancellation
In case of partial/full cancellation the offer stands void and customer will not be eligible for the discount.
If there is any rescheduling or cancellation customer has to bear the fare difference (regardless of whether the component is in the base fare or in tax + surcharge) and other rescheduling/cancellation fees.
The Cancellation policy as specified on the product page shall be applicable
Terms and Conditions
If the customer doesn't receive the discount he/she must raise the claim at https://support.makemytrip.com/MyAccount/MyIncidents/NewComplaint within 3 months from the booking date. In the event the cardholder fails to do so he/she will not be eligible for the discount amount.
Add-on cards will be treated as separate cards
This offer cannot be clubbed with any other offer of MakeMyTrip
MakeMyTrip reserves the right at any time without prior notice and liability and without assigning any reason whatsoever to add/alter/modify/change or vary all of these terms and conditions or to replace wholly or in part this offer by another offer whether similar to this offer or not or to extend or withdraw it altogether.
For any card related claims the customer will need to approach the State Bank of India. MakeMyTrip shall not entertain any such claims.
MakeMyTrip is the sole authority for the interpretation of these terms
MakeMyTrip shall not be liable for any loss or damage arising due to force majeure event
In the event of any misuse or abuse of the offer by the customer or travel agent MakeMyTrip reserves the right to deny the offer or cancel the booking.
In no event will the entire liability of MakeMyTrip under this offer exceed the amount of promotional discount under this offer
MakeMyTrip shall not be liable to for any indirect punitive special incidental or consequential damages arising out of or in connection with the offer.
Disputes if any arising out of or in connection with this offer shall be subject to the exclusive jurisdiction of the competent courts in Delhi.
User Agreement and Privacy Policy of the MakeMyTrip website will apply
Customers who are travel agents by occupation are barred from making bookings for their customers and MakeMyTrip reserves the right to deny the offer against such bookings or to cancel such bookings. For such cases MakeMyTrip shall not refund the booking amount.
Offer is only valid on the eligible BINs shared by State Bank of India. If the BIN series of the card does not match with the one provided by State Bank of India to MakeMyTrip then the cardholder will need to approach State Bank of India. MakeMyTrip shall be entitled to withhold or deny the offer to the customer.
MakeMyTrip shall not be responsible for any delay improper services provided by any agency airline transport hotel any provider of services for any injury death loss or damage caused by the act or default of the management or employees of any hotel airline shipping companies cruise coach owners coach operators tour operators who are MakeMyTrip?s independent contractors.
MakeMyTrip does not accept responsibility for losses and additional expenses due to delays or changes in air train ships or other services missed connections sicknesses weather strikes quarantine or other causes howsoever caused and all such losses and expenses caused must be borne by the passenger.
All other terms and conditions as listed in the User Agreement available and the Privacy Policy will be applicable to this program. The User Agreement and Privacy Policy are available on the MakeMyTrip website ?https://www.makemytrip.com?
Any date change may incur an additional charge may be applicable on the new date selected by the customer in case package price for new dates are higher.
Any increase or addition in government or hotel taxes would be applicable at the time of final payment.
Cost of expenses of personal nature such as laundry telephone calls room services alcoholic beverages mini bar etc. are not included.
The offer is only valid on holiday package online bookings only. Offer is not valid for standalone hotel or flight bookings. The existing coupon code of Holidays has to be removed to be able to use this new coupon.
In case of amendment or increase in nights of booking difference in price will be charged.
No refund will be made for partially utilized or unutilized services. The itinerary given is indicative and may be altered to suit the final confirmations received on all the services.
Prices are unique and may be based on offers running at the time of booking.",SBIDC,https://promos.makemytrip.com/appfest/2x/sbi-gyt-bg-10112025.jpg,https://www.makemytrip.com/promos/sbi-gt-holiday-offer-101125.html?detail_image=no,,SBI One Touch Debit Card
