Serial Number,Eligible Credit Cards,Image,Bus Ticket Benefit,Image Match Count
1,Paytm HDFC Bank Credit Card,https://static.wixstatic.com/media/200895_e04d60d2a74e4b46a62a7ade815644b5~mv2.png,User will get 3% cashback on bus booking on Paytm App. ,1
3,HDFC Pixel Play Credit Card,https://static.wixstatic.com/media/f836e8_b2ce0712ecac4bfdbf175406074af437~mv2.jpg,5% cachback on bus booking through Makemytrip if the user has chosen the travel cashback package for his card.,1
4,Paytm HDFC Bank Select Business Credit Card,"data:image/png;base64,iVBORw0KGgoAAAANSUhEUgAAAQgAAAClCAMAAACX3ZNJAAAAwFBMVEUAAAD///+sj4A5MCsODAtzX1adg3aPd2tWR0DJycodGBUrJCBAQECBa2C/v79kU0tIOzW6mouAgICzs7TIppYgICDv7+9gYGCenZ4wMDDf39/Pz8+Pj4/XsqBwcHBlZWVQUFDlvquXl5goKCgaGRmkk4uWh4BrY2CoqKk3Nze6urrBq6ASEhJZWVmyn5XPt6vn5+eHe3VJSUnHu7W5r6ry39WHh4fdwrXszsB5b2vk3NdAOjctKCXVx8CVhX13d3c3FT6oAAAgAElEQVR4nM19C3/auLavsPVw7RjbEAgBkqZNZibtkNnd3fv03Dv3zM33/1ZH6yXJBhIgNLP1awP4rb+13ktLasRtNbm6eLf2y3f4+/THU2/r91/+mex9nzZZL6n/ij7WM3XOdmNf3G0a/GvLwXZtMu0/quzFs8uufcuzbbWLVQBidX3WKytlzZ4dufOdzwEmnRU79ldZ5f8WRv7sauXlrjPf0hYMxGpz5gvHVhUmy1yWmYLeflc5V3YacKh2nkDbbW6yos5xS24cXKFu8p/2lGpKQJx7PEirnK1bAqAsHIyA2g/q0nWF9l0Nh2lnsyb+6rRuLRysPZ3k1jaEmM4ba889FKRt5gDE4pyX1IHui6zu84AiM46OKWyWMBHre+oi2deXloePR8H0LqGLzuhzPm1oEwDirAPC3tBnnm0/ctWFTWUT9lc1/GX+6NllEc+rt9lE0fGoaG7O88DUNh6I+TkvqEoa8rXl7uRNnQGBl8AIYVsj7zhnjpoCYQLFaDwOGIYujPV8xrR8RZIsqorUdI62UqPxWS+ITSRC7jKTw2Prts4KZIONcVbeeZMhKLC9gRO05c552rENixbriFAq+IZ7qz189k1t/TOAKOlJ8x6F60sUjI66mXapsh4vFQSJLpwDqOBQpW+STnsWgUjtlrxva5OfAAR1SNu6xyQcDPrC8SEFsQhNXIPowuJpJgyYGro7UK5oWOkzq1TqpwBBOFRdf/y28M6JS1ArMkCmQumBnUUFqkq7iKTQ9HkBjYZ9Wsjp7axAlPjM9OqzvszQ0NcSNlYus0QCSB8OeaLiP4KU8cxREfdQQ0W8RpLBoVSdj0TOCwS8zRaEQCIoqRlAB3mj76rm7sLvCjsMJ8N5fFpRA1fl7pZucBvY6/mw+s8FAhp2spTx4AUfDnUNFICmVo5mBAlJ7HvG//NCJCmPEDgFUcVBAxqGY3pAknHn1bjfAsROC8XAQ8po9uxOo85YFAwGvd+aewQddvwJ4OTMIJyWw+FKrGi0Io1oKOmXDdxj2xuAuB1d7NiKfRL+hoMaHhiU7YLGsWvKwib7ZVQA8YhdVXVP7CWZqPHoZ7bQhdOBuBjtAqJtVFCXaeiHV+6YXAoT5IDwBwRCMydBJH7dAuK0p3yljV8F4pr8N+Cu2YRv+AE/N5s7MOFvL9T1ZHK1uZ1cKXU3uZ0RPReBhQGvy9PeDlqW/IfDTBCKF/8pQMjQWYdnWuOXqbfT/FCYyMiCx5z7/0v08lxhd2yQGJW3N1EQIHlsi/4tIMIef6/0uf5+IPzwl5dzC1/GO4BI2gy4ZMrFKvTC4JiPYtCJ4bgPiOLTb7uBuJpMZurC/5lNoN0pRV/81s16PJ7eKTnMtwv+Cta1/0lnz2D7Hf48DohJAGJ8ABC3/lRd966Uw08EIRPNqBFIBIAUDDwne9oNxBjejL/5BT/UasNfLmZzGcF0GLQ7MK9hFOMFkMrgxMkdDt7DgZhM8XRgCncDIK4ncK/FZAMfa9g0vxrj0Z5fWgOWtxXOR2pUyTpQr+0DQkjjQrjDLiCW4zkN0/l4PL72PGu19htmfBg8PAwCuMCG+nPNQEzngsOBQOBzeCBuF+PVAAglH2N8RNxBR1trWF2qmg47VqK6ZFQyJBIgtDOZsca6yzIFwo/gqwSIMJR9d8dLfrHqjh5qdXFxrbC/tx4RwWuN43M1ol7j8BmHoTRRxwOxWaWksbpYvAxEr5HFgUMDOGgZuAfzTZs7ccvp1mVimyoBLAAhTSiRgFD8UHD3HinxYddq5g+bj1aR1BmI1VFAAPSjyVquMZ4FVnAoEGRE6U4xXYhanH9CwaIzl44Rbdj5YLKjRgQDMVfIRvmwyQS66//cjoFe4JgAxJyY2cFA0CAK7HCslocBkReeSVjUtclYQE3TpmoxdnhoqYtBqnR1CI8YT5bEI8a8Z3E3ZwcsHHYF0PAT38IFkJ3Cietbv2t2LBAz6OpmQ12dvw6E80wihw6W5EMBB77KhC5MYi6yyQ2Ofhuc9uyNYyBIl9sDBLTlRoDgDVM5DNriGliq/7HEC9wGmloJIR0MxPIu7aofsFOkl8NIQ6NtBN1FuoB4jc6SvYBD6VyrgWnmNTpqxK+/R6FaAze88n+ux9DWG+W/kMi89mJiyfdf497Jxh95p9RiPJ75n/gFTrxSF/7nxeFAqIDu3R0BcetpdXw4j0A3G+oR4IqpOuu8WBXfLXpnCnbfIjLocWGXxB6F6tztWCCYR0Te+xIQrQ0+eTSvoMelza3EcHRhvYGFg0TEREc8E3+CoC2yX0k98G8P3+5/AhC320DMNy8A0TqtAxLCHMrLXrgn7yqQFyxO28444hfon8x0Zv5zjK55vLXIz4UAMUflfR8QGI4QhQDfuymKoSqlMeRHwhMVrorOAEFbgzDZBuLntEPM8BAJnF0I8w5fUPW73dA+Phrtc3I/6Ghfwdjo6GdlMohrN+jHByBoQJAqTt/BM2OAhDa//vfvf/zxj99/Q4fAb/8HMkr+EbI7fvH//+9vFxe/8/d//uNX3P77r8fmiQQv21tcdZqc0UwG8HZhgzEeh+BPBDFBnKCy7HJs0SGPwpSAwM2EVZ6TDlpxBLRsKJYDl0j8+p7toNCJzhyS1So7Od5xChAlCbp+/AJ4nMaeFdYmj9M0FLrwoyFsA2WhaUPnQaywqtXmKEKS+EeRUcTUJJIXDBREFUBoCXTSxSTeYY8G5BQgqk94G/LKyiMDEHk0msqgOVmUh77vidvZv3TwyDI0tcsLhtOPDrhIDGX47hMqNoR0yngdACGXn0m8o7zZMnRfa6eTxiB+MQDCfJLnw/CuQy+2sY0OB9vovKs6iXQ7xEK8+pUx8GoRibKTS2efwl3yFAiMhND4OqGdDATFXuIQRhDiQ+jweNBbAs2/01ZCO+jLDcHRMOod7WK1wpYafThksMkoSaI6CWng2bCnPi3ecTIQFLpKrCZxVg8aRbKQOuBPSxzPS4aiCN77eF4GzEK4QRfu48oY/EmbSz3f6k3xjlOBwNv14rMhlhW3ABMBmUC9p+7R39LBvxy2e97qjMmQakqj2iJ4wZHQcKShpw876FKDNZHB1CoJkBzfTgUCKF93vS3Q7S4NRqJBifjgqKZAF79Xzy4teDfbkCnUZkbnBbx88YLjCYQKfEUI07QsDHz1B4DpG3ZHtOOBMPii4GYNOQ+84W213N9Y3T88RjQwR0RUTN8/3yfr0hyKNvOqeRa93ZAfUcYEiiFptJlIUD8SQoRdMTepjpQbxwOBCV4hfEuPW0ULqhpksyShndZmcWcGBNP1jy270l84DG19I/3bAURJGViVpBswxAACUmJ7ZK7ZiaQBdMDcK0SulaOXYGxKx0gaYUMctq7Utiat0WbGWjTKysxfOBySEHsgjbCPbsL5aZiOgIwIefMp7PJEIJLuxZQX0XNLThrKW1PkIM2SYRr4q4fRwqkl2R4qR+24vdFBOpSx58gxbQXXo4N5KDEhImI5XTlT7wpEIivB+1bccMIDZwz6XuXOmjyHbFl4svhuu6g7ZP1MZEdOvcAOs0S99Ec2HV7Pee7KQFecr1uCKSvcJzLn49qJQKS4G5vVpeHnaMgOqW7Cw/R4ZKL51S3KxEhG2N22kXGQqKkAVnD1q+KSUuv4lvDp2ayYW2l2wTHtRCC2KVHoQTuv5fT8D9CFxIoSO6K6aQe8Hbt+I7QTk4+AlRTJgbquQWZQz4uu3+s2yTc5pr0BiGF6cE5JkJ4umGtqP5Sh19AJeP2VyYxxmWACWgjzmSSBRiA0WVabDHzgcDrhwNeDn5zAnGfD/Fs0P/ZNcHihHQ8Ejv2+YSGN6UL8D7bJCwcDADYY11GvdWtdULCQDsrOUDzDKYG3yChTuWy6WjwaBq5Xs3+C05DcQGtJgEgzVQ9oJ46IqEYoDOjwm9K17zf5H2omgQrAKZy2idOSdA2J/qLaTHYF/y/T9+xFEeBQMinwJB9vaeogp714yqXbjRikRzLMNzNLLx2aPG8dJxWXmRH/AzftfK+ayz4lw+4ARNCWGIhBrjX6N/O4rULqsQ0j4/m0FydtzcQCQucUa+MNegT5ocU61oZluxP/Q2jGsZD0cNU85v0BPSCQIggIZqyeD2SYkw0yp0g199Q/UbpMek38Ap/shDkdp5IG2ZRF+u78oEVPrWL/Q2wtCrwqQ5GaYwK6R2IPEIRDjsaYLjAjuboc5J4gy8gxcTt9+Y0to516ZDsRCJwskTl6Pi8deLZR7d8djIUOWYUTmxlNoSpLNQuPRGCWfSAQhzACNI6tMNYLtFbMJWUiNSw6QTzRY2XwZnZ5Ll5tp5rhkOJBtFB69pDXVlTLS5hgUFSeBnRIEAVbQEdNgpEAYLaBIBwSrQGuLLZ2DezGdgVGhizToh+JTW46zvZvBz6LQ9vp/gim+6DfMRTiKyEnqgvb0jh4jO1tAVGmkUBsOlI9Xc6xy5/0x3Bj8v/6EXSai+pkD1VG9412Nam8wfojfYB6lCjkJWeds7GyBURdDXDg1E3sLClKQAZFy1aWCbxSkitcd4LMOB0Isvv6qR6g30BqeR6SLekVlvCbIaktETBGbLzJXRnrbOabF4KexcZ4kL+2oau3rUBAlwOsOIpS9J0fxLO2fEMHtdOAIJvZfwxumWMgPKeZN6XnEVlIyKfYT7Qa/IfOYMpXOLkC72URcAAeg8MoBAryDvqdkyfM/7d2OJGQ8hbz7N30iEuS9Dugxxx7cpGg1ACbqAwKuUmmM/lu10PtTxdZHXFgyoHLeSDQqjPOEVPsZ/jG2zsKrB4/j+M0IDBoZWlykundFZ66J76AdQRncxllQrn1OqkVONgq0aMV+8EL0wuow23K1LTSMO1aKQ6cDKfNHNBOA6IMERe4b+qaw7TbgYGeXSqJu1SCRCPWeOuZA+bR1JJnWDtdpUIUNfCBio4KXfoCQGQaSdfaO73+hXaqh6pkCsBZRekT7YosJE52ftWX7MlykkQG86DEXsmzFAcjsfOkYSChR1iYlWFSRn1kO3FEZGJ+oqTM/ciU/mDK2GBoovexjcSvmdfKvNDSsGXJUqBMXFL4UQxoHkkzWL+gUMBzAAj4hi7fyzHTZNg1FPA2h5nv1SdkGEryXwZ8u06YpBcnNHczzJouu9zIYKbiGppMbzlpELIpceQ0AZxPFkIFeQssHLWvqj7e7DoFCJiJWEv8oKQgLHQtxzA1DmXt0rnu7LMUJDBQjv6FopAUZZYPmv0OuktwUD3LypNTABxydP0FUWUxjY4TiLYE+6vtKCAoeI9mUG/KkjQOxvDEZpvo/Cn3M6Rm+J22KJi0iLW41gNGZhZNAGbzLBIGOB9IpefIwcCsCPEdtuUPVyiOAgKzaFGm6VpoY6vp5qZml4k4H1SKRG7Dz5pQYSDARsBOYMeB8w9wAGxD4v/ue6OgRuoiJLfmA+xtR5NGRZP4WxBgW1NTeWp31XiVkubJh9IAAQmsq0LcFHi/38xAQCc5sQzVlKqPQ8uXgpRlz3Nat1Wqh8WTLbkswVH9OhoIicqQKjE0eCOXzOuMZiB4DdJAs2gMFVgohzUPCHu1Rnlt0XRl7kJwi5JQkE2UroOTG4eDS7e1dZJdU27pj6XIMETi8NEA7VggMNHeyfxmPeBJVe83TMGoW7AnqJmu0agBtPKyoIjMJfg888JdJrlT4oLyA6rlcz0Axtqm1zk3QALTBOAGu6dSv9iOBSJkVwutp09GGrRuLNT/4Gz7niO2wCI6kBfjaoPJ6omiXXQNzmmwfrw41Ea6NHZX0nxBVeYwU8qI5zO21JmVx6nUB7YjgcB3yeoSssTSG9GGW44vlIyFHN7fwA6BhhOFMcMOArnVZT8BpvEsyGivNpS7eHGeeZsro0BwZXmeNI6XAkgvKcNAY+uoIXEwEFTbxiaafIzfahq+NWYCpXcnRVHnApWpWSNlJUBmbBhWyh05xS3LQStElVMQvLpMKA9v5HlSekCk1TKEqe1hCTQHA0G1baxKNHk90B+RbFKrAFOqvKQtQn+Au4ITq8WLIF1B2n6eN+Tbxi1QXQYt2NBLz0JclImCBPp7eqOmjISIAXTMNDjMJD+ONMDOinnWEPBNniNPyIYfC5695zkLM4LBqV9QLlnIocJ8RQlnDvPESoqOpb2KlQT4cZqEY4F5Uh7hzj4OCMxrTJ+lrG1Ww5j3Lx1Hcyq8d9hfSfeKLjHFoOHr9nKGThhmDvorAYBp/hoNfxoyjTHZgHWqLaP1pXYcELuzMEp6llARoCQTghwJPerRaToBaekJTk36Eot8YN+T6UUTzCsKpOAG16ZMov+sR+TXHQdETJTxXNsNBp7cubAtJrwl6Uy6pVED2h5sRu7aLywgHbM5Bf+B0CrHLIKwN+LFdS6vMTm/CsVJpFU245jorkS8F9pxQNTh4ugx6CmxFXsmkTOAWhPdl2XHb62hmH2LEhf8Vn0XCpi0qIZ6jMn1TadxUkjJyGIeFhBh9G9LQ6lBxip6jM9vdNmQM2YCJPT2pDX8CsnJYpoclCJ6X404SjiJ3IZL9IkYp63gN5cEy1WIdMHPLs+JT1i6Ze56DwEjjJyZRsLixeWQas4JBAXtdgFBDpO6eAkILUD0VZ4IRNbPTjoYCCgaqTekXJb4f+O1mHMCQS2SBuRZu55HTMI4ODpBArQSjYIoaY80qq4W0uhfvmLS8LI1JY3c9kiDxO42aTx9/YDtx4ekfR7T53RXQZyTgYjMUte1G3gGRTRWmTcGhFny0emoCV65KvW3QetUhOYlZlm7BtO0+szyu/T98WvEYfw5fH25WuUZxKf0EbpBClYVU1FND62e+IQX2/NGtiZJs9shPtF1TY6pPMybrXmwKfUYOr/4sOA2nU4DED9e7NobFSpvPvpRzurzUKEiL37PZREVKu0tDdUzTdCGd5ZN8S2FipwYKXCVKFQNkFMbh8E6fn0cRyJ5sWsnqNiRrl9RsTU7s9LOKH6pYKOSb0NkPVqiXvZWZJlvqdh2S8XO+ip27P1i59czAbHT6OpziS2jCwW+Nlk0Ih0ntPBcB4CkBa+ebilTEI2FdpfRxZUvk6sPja6dvU/4xZmA2DbDg5c99BJ27DDDwwG+Q2yG41jxdgpiCmonp5g5RMIFMzy4Oijrcq8ZXu0D4uvjuYGgljpm0Dtaol+GGRaSN81vBceMg2l9gwsAAuCYaTE7ddsxAzHvfY6ZqtvhmCkYKlvskhQpvzgrEImrTlNIq5cpsu2qq1OfhS46pPRMa6ySrYq676rDjKLoqusVUi7rl111WiTFYv2YAhE2/3hRrzrNeYuz1sSDm7Qt562tW0ioZtLxKPSct1gB/CZx3opXXJy3rRXbsrH2NedtwhY/7Pp+3hER3Pl6K0MMkQhuGG8fYvlirPRL7nyUFuTOp6NAyfAMFd35GqsrsGhN3PkW3fkmuPOzve78nTxivPhZQKD7xMuLWKGy1yTAw+H+dk+AB0cSnA4jhAM8dQjwUIXXrQCP4wCPpQDPkIXsBCJRqM4IRB0iSLoGS6HZ5Q6EkB8nXb4S8gMRKb3PiOmQu+GAkN/ltq/+HYGoYhA4eolTCPBDgsDZq0HgrGgkmZi0zDcFgd+ZNBQpg2BHotJTYDgeA+XVTeinjuXQ8bG7JAWmiGkBLfkuJC2g8udUlBZwmaYF9EST57l0Pp4a0gKq/J2ZJT4eJYoApdQN5vvln0TL2pkokhYHL7qQKMKju+zysFpASBRxaaJIb8oxJ80NE0WqqbTFNAFiHTavzyo+5dHZxEZfMRiKjdxlZ+pQkldcdFrydSvJLyzZuuqlDqVIvJI6BG4MpUOPUxw+fP6pQFBVRsNO5zZ9/buSyTCFgCRMQdNaQjKZi8lkRUgm6+ggTiZr1TY32pVM9mFn+5k8gg1gis5V/ZC47k1yoh5ieiFx+UKm96TphbjuhK2ZqUB6YZEggRqsOyC9cDcQP5VHUK8c1Yape0kSmHDaywQ1WZQwZZzmVO5YiAQaldQvkvlQmKfevpZwmtga7zciNFUSG2TRYzPBh19kmW0xBRkzyGMKMkvDnSnIjaQgExKIHnsm0Rxz1rp9Kch/B2nwNLzhSgGw7I542CCWp20nSek0SsBSERycv0o/Kd3bE7ZImep2UnqeJqVn/dz8xFP5QRjk+CeTBqRaAgb9LL7cmmSaAmwhHbxKpim4LOAA48NUjaNpCrXHxOAJAQmeppDkueOwSqYpNKmYnuwGIvjqPv4UIDTlNiQTNkoctIOJK8Q2t8OQ2NmOj8pkN2fOCskx4cAmmq1DztwmmbiiE9ahU+s7tKBavjwgTp+4UpBTRSa2lmIDSV4y5T7UAYjtqUxAJ1tAkLa6NZXJ8k3walU6lUlurI1TFx93tKdb/HglrPGmyW08mTOr20JgyHlyW27BIyPFlnByW6JkcT6t3gHEjsltSSGZ2mhv3mYyuY1tO2fblvRucnm95+Q2pFlhVqVEYICxh+mOujGibg6mOzZxuuM2EDzdUZKph9MdcWUmnu7o6aLqP0CLpVjec7ojT4CtUwlWUgro3gmwJSXjt+THpAmwO4AgQ7Xt0gmwNzuKr1MV+tQa9zqNeu8JsDIlOu/EyAxzk1+YEp17HZKrtPGU6B1AsMmuvcbtZEq03jslugoVpXki8jtPiY4TGIvMFeBSZMKstifJ2+1J8mg/7gNikLxJlVMSLzEX8QuT5HGWfjBU3m+SPD5kalF43aGQ7D4sm0CdGpRNSCtO5cjmAhD+nVIMVOpH9Eo4vV42QedNEzKH3q9sAkrNMG+v11i/adJCGqIYGG9WkVOpYIkbwPRGPfUSzSu8kum4kEbR1aJjYSENFwt9iurSb6GQxqfhnpfbWUur0Htsw2qWOaV4xdIq1pnMijaKU9542NAWpBF+k6bLjLH7SqvIAqF/Z2kVekyV8OYSnq7kvECswHRQsZ1P+UDSYZrdpwOK7aCvMJMp4X2G0Kv1eUR7e/klL7Q8Z4hz5SlD4tPr5ZcoDpqUX+pQF8uGB6p++SVd3HCNPC5z5G9ddKGexjuXX0p82KjCcEEuWYnPv64DCnJhqb8Q/dT4ag8pyFWFsl+sWnZ/X0GupERbFv7I9HQhXMiwy+ENpSXaRB54OsY4rhTWaWley4sl2uB6eAemB13ToCBFrQiP844K1bBoH0k/yhzr10Q6qGhfzXqWl5uHFe0TFzhZM3j9AgfjOxbto/cYFQlIwce8D6rH1w6YV9CWoCJT3Zm4fbuMY3Wj0zKO5Y11e8s4cqE6jJuVXVgo8R3LONLgzsI3xeu5UqLQ1srpEQh8/8PCnunhLfi3ksKeNDMppnUPrkyaFTq5c8thtfcs7Eltd6nX/gyOWnR/E3LggmPXwqIaZa/Uq8cwJ3hoCwFCIz6QRrrqWbVd6nWwhscR7bzFf/tRYVQOB8V/qZj6VvHf2mZbxX+5kAoariFd2aS+hjK8f25/Q/FfGpJpwYRhGpw8W/C24ItmqPzD7isH7frloHHI7ysHjYtGJhltf0M56K0C4YO62HFVb5yeQgXC25yVb5zvekCB8LzCSWD9OXtJkcaWXcVP7Kr9c72hcOBH+PmFPuAmm9sxrjj4yB67CezoLQ/z1pLxEYk0m96/q0+hip74J7w9LqOWKy+FHNxL8WU5lZaML41xL5eMNxznmT090noZj6SQwkJB37SGtTmW/ueTrKLEa+M84/flW4GoPlGdI5w6FpDoA6GDwpi9uoiAZw8tq9qwiECjdi8iINuSnIgAhG8Pf+IiKHg3XDb1h/oC/X/kdeyofVeC0wiXtnsTEDyXTpaV4P4JY5dqL4JPy/6JvctKYH7a68tKpMmmlSNxyXV46GkafO3/D358g2/3tGrOrfpC3Z7D1gfY/b2HyulASJOF0kmTRA6uiLvFxH3Qk6VgdlhoROLb1AUTNAWyGznDn2xZE/0PiTToSrY/QuZ645/lq3QO1635oNRn2vADPsb3nlN8p+DGgoG4PRMQ4tDPMdNNpIZUe6GGfJzTX0oIfMvSM9EmMGGiGnWWEvoLB+uYcQGGAsqVRv0grDRdU+Z6RXVPkfKfpaNXsKIhjn8E6C4+9gbHB1HNeYAIFdrKxuF6IiaP1V6wYUZlnb+8GFEX85rDYkS9g+saNYaQ+h9WmsaL1BkrFzjifec20Mm517qZIyIQyy/hegDY+HHALU8Xn8zdAl9rOEQp1V6ov5oyyfcsT0XvuPXDhOREXJ4qaQU4fk2qn4N5V6QjkB4lQwlZlh+JVRKFPNICUvDtno67B1Z59TzglqcrVCzEKkkixrgsJoqbXh4RzVffWrAsKbcfpE2yYJnkJcKoRxBQbQmdphQ2zJLgS0DWESzUOuoypIiZEl6ptKxw9YjPBcttzWnl2IRbnj4iAuvKLVXM2FYtUaY3snpbnu1Yws5GM0Qni+h4LQWPzawopvFasck8GkjIBbCw57jcHi5uiKoFUIQW7jgGVxBxh40wlLcC0QMFkssNEmx/ErNmFkfr+fX1X1nU0MqihuTGSmaKUWa6YuaAu3uJhihQTW2c4/FzDZ37+FneNWoLdOh3Xr3V9/wj716OZC3I8wHBzw3PZpx1BWecItOjKifySlOgWFnQUOU3Gy5ziXtwTgOyjZKB82Y+1l7KG1hOs1GDCZPwstdLYpXEK2Wp1xkNCt/z6YjW4Jv2ueVbgbiJ4kCkWwlTNQxTACYsFzILXIhckzdpqwQnlx0U3bHPHCigWpk6q00M6CQ2d5Z/ZbmIi0UjF1iEvc8kQ+Iytn1uecYRscsNQCnsMLyp6LG4Zch9pPsZ1XEpXMELyYoksGLPzrD1bNJn6eBMfnz0g4H2odo9DisTUotZE+ckDZju19cXmrg4MlLHlvuqtziyLYZY0hq6wmlUb6EaRVOkeqTxRcQD/EAZcu3p5cPk7suXWxwpEz3vARG55RmBgOoJroNAH/32TAI7jtpCQTN3BqdAuknn9U1rbA3LZdXnkkMAAAZzSURBVG8NqgAfyYs8q7nICs6Uypo87ytfqTUFpsWcOSi3bxtklSs02vu65V4g7mDp+Rksunx1pSaglc/8hskVLWF/tXWIv5Q3cfM/JpN//e7sv/8NfGINm2//9T+KVMbtMpPiAk7/91qsysjxkKrB9FRj6kGiJTWiDWQMMyIFkhLU5l9I6yYlE4jk26tATEarJawkDEt6wlrU16DBw8HX4/Foicvw+kPm8RBYu/pa5f8Fq1LfKV4kdozPczWcE+rEtyCm+xCIthMSAxDQ0zdYmi5k7/UbvX7s6B0zzbBw6/zHjGhnmRz78BoQ46XajK8iEAvQ4Plg9m6MV+khajGH2/7XyB9IJ/hxOi7zH6PllHxq8blr6fA+IIogjIoQp7A9MkBdakfZymRBUvgG/dTf19PxeHERNt4nxwZi3QfEYjS+nakIxHxzBWswp0BM+ZDFZLL0m+eLqafIv0ZqBkDMR/6E+Z+2nX9beJLFgP92Hov0UkDY4W4M/uvGNnXkjDJN4mxtHxAbWID9LgCxGF2tpuM+EJvb1WjuSWM1HvuuX8Ga83fkAvhNjdajyXjlx8z16K9/e31/JwOI2QWye0c4XyIaZc9LfnKq1N62l0d4NjiaXozu/Aj3QEw8j70bAIGHLASrKXGpyehiucz8IYvl6GrMYntF3WE5Wcd0dOm8jIYARFxpWiwYdNkGP4fLj61F91rbB8Ry7l/wejafT6awIP3kzrOYARB4yC0DsQGm4GljMvJj41/NaHLhqckDsVyVbj2aYXSDk3GrOIE8ZKcqSaljHJzmWFFYt5CysRmI//nHvdockk755eIh+XW/97gXFkeejuaLjbpY4ers4ys1vVVeGqK4GF8lh1yPvUBZry9g4em78fXVylvDU/unP2Gi1v/65+rXrLwe31VBalDtZOaFqfhMExvQy0Uz4cKr9/alpH5fL58n6uMfw2e+2wy33C+fV0nK7fRheMDrQJzcdJbGOwpjYmZyHmpHMxBtw6MdI6kh95wsKRwLZSzGoZtM8h5+AUXh//+mvi+untXHp8UX9X29fviyXD88XaunzZenBezyx9yP1fPz5knpW3WxuFO3+uJp8eRt0cVHNfv8eTP7HEMbZwWighc6jHcwIjgQcCXMSBqZhK4BCCqUwEVUDNvjaHb2p7aB5f1t+pD/9Xy9+v7XN0+w35fq/v5qsflwoadPanr/vPpy/fVh6rWJ+/l0tbmfqoelWs5mavkw+Xq9nN2PHx4vFk/XenEXieWsQNALHcQ7VOw0OntLl7EgpdTUUiU5FpLt39BK0zvXtnW1evix6ibPt5P8Fw+E76C6Xk+navygCIiJuv3wGaYl3K8uHp8JiPH6AYD4qB6/fPQ7b2/Hd+p5HB2ZZyeNEO8YzHgM61FKo6ndFL1HIFB30ukMJ6wLmfelJPmL9Z9Pz88f1+ruG3Tfv++7ewTCE8T4/tnTy4+HB42kcTH1f2ZembwaByDWsPN6eae+LM+ygPq+JvGOvq3YUCqpJAFQFjVnPtFWkph5mOFUJK67cBW49sfHv7564tcfHj8wEKvHx69qMX34vnz8BkBsVuvPvo/33z6vvqvl43SlFp8XAgTsfHj+8e3L84/Vq5rlGZCIJeGpdTLDybMRds7SgW1nMA1HggMVlQZgHBI9WuaF6t+By/o+bD5+Vb6/D0pfa//p5ddstsE96hrdEPfABHDnzO/EXRva6TeqzXUE2QPRi4WeCwlOcYBJWxjPAfcqLV0LFRCkTAQvX6NFZ6zrMGDYOZF5bkGuP0jQY6Ak8DH++vUFgXhc80CMtsTvW1rFpSEknT5vYNUIg6UkqH5pCOZy1lkeEo8AGmERupHcdt0aC5a3eOcMF4g9YaWAF9pUoZl8viYlZqsdC4lUCb23UgKBF8QOdSxtYku5beOjkAQ0c2Sy9SttrqKn9zwtiWMP5nX6DbzCWeu6RH54+aKTMF/TCW/xFkc/dxSUqnDeCVml+9vVyANx3iGRtKq2dctp55RXTysEd55QkmRc7Vz6yw+bCms7g48P10yk7bkh5eJntM0SgZi/XM/uLa0qgMAza6gyjO7yzJUU+NltM9F263stySM5LJbq2cwpGdaHtvEIgTg/Epf7Jgq0WCCdUjJ3eedJIhQ4v3U4A0FavgfDk9sMPJmKHHqT2Vkvne0Dghr10Wyth6B5HbSXMyXbT2cdG7MJuvj/F1YF7rLfqcdNAAAAAElFTkSuQmCC",User will get 5% cashback on bus booking on Paytm App. ,1
6,Paytm HDFC Bank Mobile Credit Card,https://static.wixstatic.com/media/2a565f_9cc4f6c761ff4b7fbc7f00deb71cd738~mv2.webp,User will get 2% cashback on bus booking on Paytm App. ,1
12,MakeMyTrip ICICI Bank Credit Card,https://static.wixstatic.com/media/200895_707119bcd6394d799827eec071c26674~mv2.png," Cardholders will get  3% cashback on flight, bus and cab bookings, over and above the discounts on MakeMyTrip",1
17,Paytm HDFC Bank Select Credit Card,https://static.wixstatic.com/media/2a565f_c376146c63bf4a09ac222299b6854c51~mv2.webp,User will get 5% cashback on bus booking on Paytm App. ,1
18,Paytm SBI Card Select,https://static.wixstatic.com/media/f836e8_9be128b2fef44c3ca1a8aaa3d9bd7e7e~mv2.webp,User will get 5% cashback on bus booking on Paytm App. ,1
19,Simplyclick Advantage SBI Card,https://static.wixstatic.com/media/f836e8_d2593645c32a4dd3ab935b4856fca7e0~mv2.webp,User will get 2.5% cashback on bus booking on Yatra and Cleartrip. ,1
22,Flipkart Axis Bank Credit Card,https://static.wixstatic.com/media/f836e8_34e8c80a9185436b833a61d5cb425a57~mv2.png,User will get 4% cashback on bus booking on Cleartrip app. ,1
26,Simplyclick SBI Card,https://static.wixstatic.com/media/f836e8_150b5ac8179a4e2fa56b34b949b3df68~mv2.webp,User will get 2.5% cashback on bus booking on Cleartrip app. ,1
27,Ixigo AU Travel Credit Card,https://static.wixstatic.com/media/f836e8_5aed859a4f92417aba2cdb619de131ca~mv2.webp,User will get 10% cashback on bus booking on Ixigo. ,1
32,PNB EMT Rupay Platinum Credit Card,https://static.wixstatic.com/media/200895_ba0507fb06974c77a988e7be3a2e9401~mv2.jpg,Flat 125 off on bus bookings on a minimum order value of Rs 500 through Easemytrip,1
37,Axis Bank Shoppers Stop Credit Card,"data:image/jpeg;base64,/9j/4AAQSkZJRgABAQAAAQABAAD/2wCEAAkGBxIREhUSEg8WFRUWFxcXGRcXFRcVGRkXGB4YGBgYGRgaHSggGxolHhoYITEhJSkrLi4uGB8zODMuNygtLisBCgoKDg0OGhAQGy0lHyYvLTAvLS0wKy0rLS8rLS0tLS4tNi0tLS0vLi8tLS0tLS0tKy01LS0tLS0tLS0tLS0tLf/AABEIAKgBLAMBIgACEQEDEQH/xAAcAAEAAgMBAQEAAAAAAAAAAAAABQYDBAcCAQj/xABBEAACAQIEBAMECQEHAgcAAAABAhEAAwQSITEFE0FRBiJhMnGBkQcUQlKhscHR8CMVM1NicpPhgpIkNENkstPi/8QAGgEBAAMBAQEAAAAAAAAAAAAAAAEDBAIFBv/EADARAAICAQMBBgQGAwEAAAAAAAABAgMRBCExEgUTIkFxgRRRkaEzQmGx0fCC4fEy/9oADAMBAAIRAxEAPwDic0pV++iDwUeI4oXLqThrBDXJGjtutsdDsCw7e8UBQiIr5XXfp/8ACduxdt460FUX2yXEGk3QCwuBfUA5j3A+9XIqAUqS4pwLEYa3Yu3rRRMQnMtMeqz+BiGjswNSWI8EYxBcdlti1bsrfN7mA2mtv7GRx7TMQQFGpINAVulWlfAWMzMHNm0qWrV57ty8qW1S9ItAsftMQREdKgOIYF7N5rLFCytlJR1uKSYiHUkEa0Bq0qyeI/BGMwKNcvLbZFuC05t3Vucu4RmCuBqpIIOvcd6jcfwLEWMPYxNy0VtYjMbba65DBntO47jWgI2lSviDw7icCU+sWiouIHtuNUdSAfK3cSJG4kdxUjivAmOQ3V5QdrN63YZUbOxuXFzqFA3EbnpQFZpW9xrhb4W6bNxrbOvtC24uBW6oWGmYdQNq0aAUpSgFKUoBSlKAUrc4PYtXMRZt37vKtNcRblz7qEgM3wHWpzj/AAM4S3d+sYJrTkr9Xu2ne5YcFvMOYWZWOUGIPeRtAFXpUti/D1y2mGuNftZcVPLjmaANkJcZNIbTSaXfDd8X8Rhw6McMHN64C3LQWzlaSVBPm0EAySImgImlSDcFuGzcxFq6l23aKC4ULApnMKSrqpyk6SARJA61vr4PvsEyXrLtcw7YlEBuBmtIbgYy1sLmHLfQnpQEBSp7AeEb15cOyX7M4o3BaQm4GLW4zISbeUHUDUwe9auF4C72FxBv2kRrrWvNzSwdFDnMFtnTKQZoCLpUjgOCNdS+/wBYtKuHAL5jcMqXW0GXIjSMzL+de38OXxft4cZWa7bW6hXMwa2yG4GAC5/ZB8uXNIiKAi6Vmx2ENrL/AFUcMCfLm0glSGDKCDp1FS3hHhC4vnoCrXxbBsWXfli6+ZQwDSJYJmIWQSe8EECDpUzxbhoW5btNabCXRbY3lv5woZc5BSQWysoWBqZMSax4/gDWQhfFWf6lnnoJuyyeaACbYAY5CACR070BFUqVxXh+5ZZbd+9atXWVG5bl8yi4AVz5UIQwQYYgidYr3hfDGIa9iMO7LZuYZLly4tzP7NoFngorToJHeRE0BD0rf4vwa7heUbhVlvWhdtspJDISROoBBkHQgVoUBt8J4bdxV63h7K5rlxgqj1PU9gBJJ6AGv1l4Q4BZ4VgksBlAtqXu3DChniblxj0Gmk7KAOlcK+iDj3DOHNcxOLuP9YMpbVbbMEt6ZmkaZmOnoB6mp36U/pXs4vDfVcAzxdkXnZShCaeRZ+9rPpp1oDa8ZeFMf4guJjMNiMKcJljDg3LgIX7ZccvS4WGo6ZQOk1zy74aXhvEEscWDCyoFxuUC4urEgIfKYLeUnSINT/0QfSInDTcsYpm+rP51KqXKXNJgfdYb+oHc1MfSt4x4RxTCjlXH+s2jmtE2WEgxnQnoCNfeBQEFxXx9h+I2L+GxWG5Ct/Vs3Ed73LvIFVFCNotsoCpC6dYmvOP8V4C7hG4UBeXC2ratYv8Am5hxIzMxuWs0cpixAX7MTudOd0oDqN7xrhLl4vbxmJwrfVcNZFxbS3rRNueYl3Dt7Y10M99O9L8X8Sw1/GvewtjlWSUhcoSSoAZ8i6JmIJyioKlAde8R+N+GYw3rd+9euWL16zdVFwtu0bHLjmNzFbNdd1GQE7BvSoriP0g4XG27+Fv4LkWLijlMjNc5D2ly2MtswqrAysEiQTXNqUB0fj/0jJcuWkW19YwZw1i1ew99SBzLeYM9ozNu5BgOvpMwIkn+lKxbbG3bNtmOJv2X5bgrNnlC3eQuplH3AYdQDqNK5NSgJLxAuEF4nBNcNlgGAurDoTvbJk5o+91mo2lKAUpSgFKUoBSlKA3ODX7Vu/be/a5tpWl0EeZeo12qU4fxtMPhMTh0u3bq4i2F5ToFtI4e23NjOZcKpAIAgkTtFV+lAWvE+J05GBs22ur9WDC4ciQ2Z8/l8/TbWK+X/FCfWOIsqObGP5sghVdCz822QMxBytAOuoJ20qq0oCascSs2MLicPaD3HxPKUu6i2Et23F0gKGaWLKmp0gHvWXjXHs9vDJh7l1Dawpw1yQEzqblxzqrklSHAKnt61AUoCwX+P5cJhLWHuXbd6x9YzOAEBF/LIVgxOmUjYSDX3BcbtpgBhQ91HN67cZhaRlKXLa2igm4DMA66b1XqUBY+G8Xw2H+uC0t0LdFtbIe3buQLV61eBugvBnlwQAR5vhTinGrF7FLjF59q6y5nCH+7vhCFey/MzZA2QhTsARMRVcivsUBN+KONjFrZmbl5M+e+1tLb3Q2XIGCk5isN5mJJzVocOewLV23eRszm2bdxQp5eUnPKkjMCDEAjWD0g6VKAmfEPGOfZw9nmXLvI5g5t0Q5VyuW2PMxyLl0BO7ttXzxNxG1iFwwtcybGHSwc6KslWdswhzp5tvSoelAWDj/FcPjsR9au8y27LaF1ERWVmRQjFGLgqCFBggwSdTW8PFyXcbjcXfRl+s2L1hVtqrZBct8pJLMJyqFk9ddqqNKAy4nFXLhBuXGfKoRcxnKi+yoH2VHYaVipSgFK+19AoSeaV6YV8igPlKUoQKUpQClKUApSlAKUpQClKUApSlAKUrJbw7t7Ntj7lJ/IUJSb4MdK+upG4I94j86+UApSlCBSlKA+gVkS1PUD36V8tLU3w7hecqSkrHmKiOhOmm+x3H40La63Jkfbwq5MxYQIBImdQdBpFZLuBOZhouWJkempAIECZ1PUgVYcHwYBdBnJAJQW2IMHUkkkxPUKT8dK1xwhmvAQxYquXLbFy2NFMQw0BJGvqTJoXOmS8iv3bI2jXfcHy7aZRqZE6aRWsV9KteI4YYFocoscjFwIKkKALYIOoAJWPNqkkmRERc4W8xpv0GXbXUHbcdqHMqJfIistea2rmHYbj8Pd6VgYUKZRaPFKUocClKUB9isiIfuzIMfCddPcflX02+pBivdtCRAGY5py9IA3Omn/AHfDrQ7wfTZAg5t+pEaeo7+6sbLH6aR/PxrdwFkMsKYOg0ge1OsN/lkaRv1rCi5hIkj1Py9Nv1oWKOTTYRWz/Z17/Auf7b/tXa/og8N27WHTGHDJcvXCxV3ceRASqhBlOU6STvrvXR8TiLoUs1pQAJJ5uw/7KyT1XTLCWfc46D8ltgbo3s3B/wBDftX36he/wbn/AGN+1fpniOGxF8W25At5HV4e4JIUgxoDEgdfiK93je/wV/3f/wA1w9Y/l9zpVJ+Z+Xrth09pGWfvKR+dY6/SmOw7XFKXMOjqd1ZwwPvBWuE+NuCjB4trSrlQqHVcxbKpnSTqYIPwq6nUd48YwROvpWSBpSlaCoUpSgFKUoBVg8N+FL2LBuAZbQ+13jfL7u9Q+Aw3Nu27QMG46JPbMQs/jXecVaWxhmtWRlCKUUDsBp895ob9Bp1bPMt0jleKuYbB6KgZ/cGPvk7Vov4rv9DA/wBRH5RUJiGYuxb2iTPvrHUtk39oWOWK/DHyS2J0eJrjaXBnHYgN+DD9a9omFxGy8tv8unzQ6fKq/X0UycR1s+LEpL9STxXAbyaqvMXoU1/Des2N4SLWGDsDzCVnU6T0jatnw/xczy3PuPf/AJ/Ot7xT/cH/AFLU4WMm+Om00qJ3V54ez8mU6gpSuTwyT4PZDvBIj1PQAk+7aPj6VfuBcKY5YIgkkyD5ZPsj0ygHrrXPcBiCrKTrqAJ1EV1/gts5VhgFIBBmd+s1KR7fZ1cJwbfKJzAcLwlu2f6D3T5gQztGoM+QGPTbURvXnF2cJH/lOUUU5ChKx1UAbSSS0dhMVB4ziFyxcWXIGcd5Gby5p+J91TGE4m7FmZw4zCFkmDoJ1/m/XSmDTPT4eefdlc4nw7lrltl480IyKxYuRm8+zSQZBAgrPaoNsKU0ZYIO/tAtuTmDGRE6jv66dB47w+w6lg4aYOU6CCMsjrr2O+hrn3G1xODJazcc2mMMJ0IjKM3fQtqdsx9aFbUVDqwaTYRHtvCksSCGnQDqAu5aSB89OtQmI4USMykH0G+UbnTTv8B76t/BMbh8WAt91DqpObK3mJg5VHUjQajcMQSN8t7g5MQQVKsF1jURmBB2J12I7VBnlXGa23OcYjDFSNN4juZ1B+IIPxrAyEVdMfwoA+wRGYZiFHQeafSWOuumkTFQuIwS5Sy2m0OhYFQRHm1aQXBjQbTtQw2UYZBUr24rzQzEmtjMBC/PsJ0Hbckx+lb2DwQYNvMKVZVWFfMDqWiJGaGGaJAjXTBg765hnAidRIMgakCBvAFTtxgEDo9zKABl8uYq0yzR5R/eEANPtNI3oejGqMo5yQxtLmWFTzMMpRs+hKz5U1AyeUjUyDHtGc3DMO10NczgLMnQnJ9qDI13G2aSfeakLua1dZLYXLc8qkMywQ2ZmzOcysykrMxL+gjJw7E2bT3LZUWxbuZSoBBbK0GTmJI+PfaKCivx4kdU8CtiLeCs20tWiFDAZrzKdHbcC0QD8asNzE3oU3bVsW1YO+S6zmFkg5TbWQGysdfs7Haq74aLrh0W2yZAXy5g0xmaJiKl3e4ci3CmRmAYKGE6GASfsloHrMda8ef4j9WVWR3ZZ3QGoribFIVFDXGPlUkgQCMzEhTCgHeNyBuRW7ZvVi4pbnI6EC4GCrOxDlc6kdQQs/8ASD0qpcle6IO6uJ/wbP8Avv8A/TVZ4j4Ss4y+13E+R1CqOW7NAAJBkqvUmrzesYjva+T/AL1TOO8VeziGtM6qxVG8sxBkDf3Gtek/E9jVpod7NRIbEfRJhHB+rYsm5926YE+h/euceJvCt7BMVu22Qj7w0O3sGIYanr0rpmK57edGzfnWBvEPMX6vjrXOtH7Le2p+9bboa9TpNtnZixth/Z/wcZpVo8YeF/q39ew/NwznS51Un7FwD2W9dj+FVqzbzMFHUxXJ4c65Ql0vkz4LAXLp8i6dSdhUxd4bhrDEXLoYFZUjUg66FP4NRVowuC+r2AwtHfSRbYH2YjQlhp6e0ddq59xHENcuu7Eklm399DTOtURTayyStcYs23DJhhKsGB0B07b9fj610r+0+daaGmQHQ9x29dNPhXGql+DcdfDjJ7STMbFT1Kn9KlGnQa9VzxZw/sSnE8KrMWCAnqD+netAX7anzYNCJmAdY7bflFTVvH2L/wBoE+vlPy/as/8AYS3fZuqD2fT8RXTWTddpFc3Opp/QjjxHhzaNgAm32ri9emUnoBqT1+J94fhGAv8A929y2Y+yy3RPubKfma2Lvhd13EjurBga9WfCkkf0zPRlJUj5VGCiGis/NCLX0/YjbvgvEqc1hluka5VOS4I65Gif+kmvXF8QpwpRzkvK6DlNIaNzKnURtr6VbcMt+0At0c5Br5oS6nSVcQGPoYPrXviTWMQsYhBftjTmAZb9r3nf9PfTBb8G4RlGrbqWMPj2aOTUq48T8BuQbmCuDEW/uyBdHoRsfw91VK/Ya2xV0ZGG6sCpHwNcnhW0zreJrB4DVdvC/i4qvJuHb2W7HeD6VSK+qe1DvTamdE+qP0Ox3sSmMtiD54Px9J/Wq9jcbewxBmMpgmI9zbwOomq7wfiT2ysMRsR6HcfjV6x5TF2RciGIKsOxG/6H4V1nJ9HXar630bP+/Y98C48L5CO8azJM7A7qOp2nXpU1ibSXwyOjeVQpjQjQLA2mQQNpM61yfCYg2bs7EEg6djqKv/DcbbKrkHmUAMY3O0Ek7SCAV7+6o5KK7e8W/JCeKPBtzDk3bHmRVDkFtR0KkEeu2/lPStfhvigEDny59nbMxEFfKSCAOvaNNN6uGLx1xS3LtqUYDMLk6hAJEDUA+bX0ExtVM8TYJAM+Hs8uSrspIV7bKoBUKuyazJj8KgzTh05cPoWFbJxQVoUSPLncOroIkf6iRk2AGZYI0qE43wxRZTNmVSz5EQoitLOIAzQXU8slm1I0maiOAcV5DBXDBQH1RczBypXUZhKyQCumhPpVjXEtiLQW5JtgRlQKTbgGbhtgxpv8Z0yihS3GxfJlLxCpcnlqApIAYt5sxgjQLtuNum4qLyeo+cfnV1xvDVUHKhBXKw5bB/MwkMrEjqV8sH2twRVSv4YhiJUwYldAY0kabfAUMdtTi9z3grmVwRcydAZgCRBMjbSdRV3wGIy8plPJILEZ4BBEgqXBLNmzJrCgZu0iqDhYkZoykwZ7ddeh1/Kpaxirls/02CghlPlMqkjQmDIywep1ah3Rd0lo4zDB2dACLYtlDOHFttM8Bs2fouigEMDKkCazhMWtu7mNsaNJDRGXopVhMepO0VcsGiXbQN4DnMyIpzFVyNmgT3gMCskyDptEd4w4W0vcd1zgqplspyCVBCyy6BQCSerb0NMk344+pc/CHFWewq2VtuF0lrjIZOpEC2w0JI36dKsRu4hlKmxZIP8A7i4PiDydD61xvw5xW3h2RbltnBzK7rmzGfZNuSMpG8jXSulYTDusMt+7dGWfNcbTNOWfMATEH16Vjs0nVLqidKrvN0yc/tTFWQguWrLl3FsEXnGrezmHKj3kfAdKkbT4wuHa1hzlkoov3AFJEEk8ky0EidNGOlUTib3eXBuXM+jJJueUjZ5JMb+vTaqVivEnELd0qcbe0O3MaCPj3H51z8I/0+5XbpnHdvY7+2JxcEmxhwAJJOKuAAdz/wCHrgnj/jv1vGtcQqFVVtg23Lq2SSWViqkiWI26VZ7uKuY3Cspvu7ABgC7ENHmAidZEVzXiWHZCdNxIq6nT928sss0s6F1Zz6Fk8Mcf5bZXuGPU10NcDh8aoh0c91IDCuA5z3r6l1lMhiCOoJBrTkhdqS6Umvc6zxbg1/B5tObZYQ6nVWXs69D2aqPi+Ei1cW/ZlrGYSDq1sz7LwQSvZhHvG9b3AvpFxdmLd8/WLWxD+2B6PufcZqw2Fw+MBu4Fxmjz4d4BI6jL1HukVOcl8bKdWlnaS4JbhuGw7AFldgcp1YMIAKoNtI8x26j41Hxf4ctM5fDDltrnRiSCR9oGP56bmZsMyhmRCSPaWJuIR17svrqfxrPgrtq6JzaGIKkTPc/j23pg3fCV2RcJ8/3c5XiMHcQw1sj4VgrquMwGGI8t2Ce4MdxuJ7VDtwPDufM6A9zK/jTpPOs7HlzCX1KFWzYx91PZuMPSZHyNWnF+CxBa3ckejBx+9V/F8EvW9cuYd11/DeowzJPRamjxJP1X+jPZ8R3h7UH8DUtgPFWX7bKdtdgP5pVRNfKZZEO0NRH82fU6vhOKtfEDz+oA6dZGoAk9e1bGKwDBAywGMEHb2oEMYMj0PY6da5x4X442EvK8ZknzIT8JHYiuknxEbyFC1u2VUgyv2TqSABBJGg7Eg9zU5PWp16tr4w/MrnCuJnmFbTcrEqSDbmFeNyk6Sd8p/wCatdni+ExY5ePwqFh5czJt6ZvaT51yTi98tfZ51ka6A6AAHTroNqtPh3xDZvxZxxKvsmJA/C8PtDYZgJ796jPzM1eshNuu72ZcMX9H3DWGa0HWdv6hYVRuPeHRYPl1Wrg+AxeEhlabbahlOe2w6EGtlcbzRlu2de8VPSb46OqUdkvU5cF/Srx4etMSRGhUN8dvyqWTwul0gi3A91Tn9lraU5QJiPcP3pwKKo0N75ycp8UYI272cDRgrDvJAJ92tYeFcXyHzE6djvuCNdjsZ12+BlvGV0PcCqrQNJ7hQRpGkEqflVRyDcH161yzytRPoubh8y+L4kXlrL+2crqIBVF1BJA3OozDeDPrvXuIi+ylgiMLeQwsAyTC5CYmNPLBiRroK50QYkdNKsfAsc7LkkkmCICeVUJcsRoZAzano3oKlMuqv6peI0OKgqxY2yiZxvrqvtHbYgjQdI3ipjh+ORbyWnS04tZgMhtqrliwLdCwUCNWDAfCs3GMSXVmgM3mbJqonKAzrB1GomIn3VCXcaIUMoVyTdZmAC5mHL9ghsw0MmCfaME1BTdiuexNi8xLlbfLZf6ce26tAX+nEaHciABlmSdqri+HlWIuEIw+zkJ+Zka/P3mptn8q3GBLkZGJJyywzAEgAAiRAGnb2gKizfU+0RO3s5h8DB/PeaCcoTiskAKkMFj7iQEfJpBZZUwdPMV1MDb/AJNR1erbwZoeZGWGW7CY3IttdXJZnbmlwsONCD5Qcwz6uNOnUGyYRw4C5gzTC6EZSwIYAyQXgTOxnYamufYfiLCJY6RtpImcs9Br0ipvhnEiQMzBfMvU7kzmIAb19JO0TQ9CixLgm/EHAjekkZZMgMdSdZgE9DA312E1oeG/E97CTZu6hjEMSAu2w2A06aDKNq3+GcXa04yyWLSUKg6kkEaiJ+PQ9pr3xzCLiWJa4tu4xzOGlWZ9fafLpAIkKdZE9CBoxl9UOS3WGR1N4ArIByksNCYbr5kie3TpVe494b5vnVDLfZAEySdFkmVGmprX4E17DDlXPOuwKxcEglsogR8PXfWr6lxL1pvLlIAbMTl1I8z/AOqB10GtSa3Lw+JcnOOFG5hssaRpr2JMft7jUrxLgq4i2LgXQxI7ddPnNTHFeFM6uDbghIVoMkkEgyB3Hw+dY+DuypBGhBJ7azqJ6bb/ADro1xacelbo5P4i4G+FfUeU6qe4qHrqfjQi5ZZSuqyRPaBMd/5rXL7n5Vyz57X6dU2eHh7nitvhJIv2odkPMQZlMMJYAkHoa1Kz4A/1bf8ArT/5CoMcP/S9TpuN8RWrWINvEllIJFvEqoLECIF1VEEEayB8K1eMcMtXlOIsXBbuHe7YabdzXXOoOjHXeNe9RfijAm6uYe0KqOExd2y2a3ca2w6qSDp0Pf3GumsM93W2S01vRZHMfJ8P2ZLYnHYu3IuAMPvZf1EflWuvF26kj8a2LXiq9M3Ut3pOpZcrGfVYHrJBrbHiDAuDzeGAEgeZLmukdCBG3T89ajJglqW3mNj/AMv5NPD4/s3yMfhUthsczHU5u87/APNQV27giPLbuqe2h6bzn767aevX5hsbbRhDNGm+sd/gP0qVIu0+tlGWJP7lh4r4eW/aN60Icbjuex9/f8+lJrsHhlAyPOsggj1XWuf8afDW8TeC2yYuOPTcxGtQ+S3tPT15U4tLPJGcKwLXbigKSCY0GpP3V7k7VbeKcRTDoVSAWQLIyZj5AsaLKrrtI1mRM1WsRxkkBUQBQZAOv4dPnUdevM5LMxJPf5VB5ysjXHEd38zy7Ekk7mvNKUMpcPB/ja/g5TmBrZ3t3Fzp8pkHYSP0rpWA8YcJvJnuqcM0wSslCe8dP+a4LX2aGqGrnFYP0I3jLhqrK4vONf8AL+h+dVHxR9INtlCYUTMzOkaSYG5MRrpG1cpzaR/P5rXrNJHp+VMnfxslwtzfxmOzsWyglpOsREmDPfX5aHasXN7nTUg5RvBj3A+n4wK0w3XrXrP0/froaGV2NvLM1276yOnu9R/N6z2rg0PbvqPTQ1o16D1BMbGnklrmLLJlzHaI0I7aKPQb6bV8tXiAHTKCAoyrAYFcwDSPt69QZkd4qP5m38+dbKuw0bMV0A9PtwAf80H4VJa5dW57bEyuX7WnkMwFthivmJ2CyAPU61H3Lx6mdPy019azB8sEzO+kAEMGnaDroO3tadK12fXRjHTpp00oUuR4pUz4Z4F9dd7Yvi2yoXClLlwuFBZgoQEkgDbcz6GsfiPgjYO4iM+bPbW4PI9sgEssMjgMp8pOo1BBGhFCsiqy27xH8/nrWKvooSm1wS+Gx50Jc+o28vYHoPdVhTF22ZittEBGirJGuhGu+nf1qlI8VsW8QVOh+O34D+bUNdWoxyXvB4piWi4QugZcxVWUAgKZlSIJ0MSIG2lWnhPFLZJS8WVbeV5tsbiCdt4ZCTBI12O1cq4bjmzAG9kDkBn1WJgCTsFBG+w7VJ3uO5VKaBQpGa3cCux8wW4M3myxmXJOxUnYZmTT8UsHZMMLQAycQtlWUMA7QxWCJgxodRG2lRvGuKWEDG3eF46KcgJE7Tm23/Sud4Piz8tXnKsakwLjAmZGYqMsCfag776DFiuLghoZi0AFXZSxIMdJnbXQjX0oWV6lZzk3fEHEQ4824TUaCGkhVk+0CNe+oqg4jfTaT/PlUjj8aWjSDDE6RqSREgCdI1PrUUzTQx6vUd60eaz4H+9t/wCtPzFYKzYNgtxCTADKT7gRNDLW/EvU6NcGpqv8Y4EH8yaGo/xHxfmvltOcg6iVk/qKi8PjbtvVLjD46fI6VZKSZ9F2h2pp7ZOtwyl55/b/AKeb+GdPaUj16Vhqat8dzaXrQb/Muh+Wxo4wj7Nl94I/LSuMHjy09ct65r0ezIWtrhuCN5wuw3Y/dXqf2rZ+r4cf+qPmx/QVm/tO3bXLaUn4ZR+5ocwojF5sksfo8lqs8cGGV7k94E6knYVz645YliZJJJPcnU1kxOJa4ZY+4dBWGjJ1mq7+SxwhSlKgxilKUApSlAKUpQClKUABr7XylAeg1elaNumxk6TWOlCcmUtE9zvoKx18r6DQZLN9HRX65D3ERTZuhs4JlSuoSLiEPGoIYERpJ0r19I/DrWHxYW0ZBthiczMSczrmOa7cOoVWHm1UqYE1qeHcTh+ViMPfvGxzuVF4WRe8tsszWiAQwVibbSvW0J0rx4u4laxF5TadrmS0ltrzILbX3WZuMgJgwVTUkkICdTQghKUpQkCvoNfKUBmtXY366HbY9BOx3rYt4vLAIVgI3iAdJ29oQAIO+taNKEqTJMXUATXMVkakrIM7kbaaR+8Vqm4oGWJjrJ30mOnQDbp1rXmvlCXM95ta8UpQ5FKUoBSlKEClKUApSlAKUpQkUpSgFKUoBSlKAUpSgFKUoBSlKAUpSgFKUoC9/RPcQXcQpYBmtyFNrml0VbhuBRy3M+yYA17HppfSaP8AxNognKcOhVSnLKqXuacvImTWTGXWZ1BmsH0cWkbHKXtLcCpccKxT2lEgqr+R37KxA9QQK9fSQ6HGEphjZBQGCLYLyzwxW0So0hN5OSTqTQgq1KUoBSlKAUpSgFKUoBSlKAUpSgFKUoBSlKAUpSgFKUoBSlKAUpSgFKUoBSlKAUpSgFKUoBSlKAUpSgJ/w5i8PycThr95rAv8o81bQveW2XJtMshgrEo0qd7YnQ1j8W8St4i8jW2Z8lpLbXnQW3vMk/1GQExoVQSSSEBOpNfKUBC0pSgFKUoBSlKAUpSgFKUoBSlKAUpSgFKUoBSlKAUpSgFKUoBSlKAUpSgFKUoBSlKAUpSgFKUoBSlKEn//2Q==",This credit card provides discounts on Wednesday onMakeMyTrip,1
41,Standard Chartered Easemytrip Credit Card,https://static.wixstatic.com/media/2a565f_daba8d422c5a4d5082eba479c92f5562~mv2.webp,"Flat INR 125 off on bus ticket bookings, on minimum ticket booking of INR 500.",1
48,Myntra Kotak Credit Card,https://static.wixstatic.com/media/2a565f_a1ea0b60cf9744698e3f2af8b5d4024e~mv2.webp,5% cashback on all spending done across Cleartrip. ,1
49,Paytm SBI Credit Card,https://static.wixstatic.com/media/200895_f9afb734c86a4c67bdc848e344efeda5~mv2.png,User will get 3% cashback on bus booking on Paytm App. ,1
65,Paytm HDFC Bank Business Credit Card,"data:image/jpeg;base64,/9j/4AAQSkZJRgABAQAAAQABAAD/2wCEAAkGBxMTEhUTExIWFhUXGBcXFhgXGBcaGRoaGBkXGBgZGBoaICggGBolHRcZITEhJSotLi4uFyAzODMtNygtLisBCgoKDg0OGxAQGyslHyUtOC8tLS0tLTUtLS0wLS8tLy0tLTAtLS0tLS0tLS0vLS0vLS0vKy0tLS0tLy0tLS0tLf/AABEIAKUBCAMBIgACEQEDEQH/xAAcAAACAwEBAQEAAAAAAAAAAAAAAgEDBAYFBwj/xABHEAABAwICBQYIDQMEAgMAAAABAAIRAyExQQQSUWFxgZGhsdHwBQYHEyIyweEUFTQ1QlJTcnODkrKzYoLxIzOT0kPCJKLi/8QAGgEAAwEBAQEAAAAAAAAAAAAAAAECAwQFBv/EAC8RAAICAAQFAgQGAwAAAAAAAAABAhEDEiExBDJBUXEzsRNhocEFFCKB0fAjUuH/2gAMAwEAAhEDEQA/AOe8k/iFS0ph0vSm6zNYtp05IDtX1nOi5E2A3GV9eo+BNGYNVujUWgZCmwDqXP8Akk+adG/O/nqrr185xeNOWLJN7Oj0cKCUUZPiqh9hS/Q3sR8VUPsKX6G9i1oXNmfc1pGT4qofYUv0N7EfFVD7Cl+hvYtaEZn3CkZPiqh9hS/Q3sR8VUPsKX6G9i1oRmfcKRk+KqH2FL9DexQfBdD7Cl/xt7FsQSjM+4UjA7wVo8A+ZpgY+o0c9kfFtHLR6QG0sb1QtMzBzPqjZvKktA9a54TzBRnl3Kyox/F1D7Oh/wAbUHwbRnV8xSB26jCI5sVue4Ra84JGs+iMB6x27knKXcKXYxnwVRx8xSdshjOxNS8FaPj5mkTn/pttyRZaWiYtEiRB61JB5RcH2FClLextIyu8HUL/APx6UDH0G9FlNXwVo8Xo0hsOo3sWrVBIO0T1RO1QDnmZA3BGeXcWVGMeCqRg/B6Q2ksbBHCFPxbRH/gpGcDqMA4YLW9uH0jvNkAZZHEbDuSzS7sdIyHwbQzpUB+W33KR4Mo/YUSNzGdi2UoAi1unegtbwO0W/wAqs0u4qRlZ4K0cmRRp7I1G9UYqW+DNHP8A4KX/ABt7FfzSM8jxVgfgmpvuJpGb4qofYUv0N7EfFVD7Cl+hvYtWsNqNYbU877ipGX4qofYUv0N7EfFVD7Cl+hvYtWsNqNYbUZ33CkZfiqh9hS/Q3sR8VUPsKX6G9i1aw2o1htRnfcKRl+KqH2FL9DexQ7wRo5EHR6RH4bOxa9YbVOsE877hSPlvlS8QKHwd+laNTbSqUhrPawQxzB6x1RZrgL2iQDuQvoHjMP8A4ek/gVv43KV7PAY8nBqWtHHjwWbQ8HySfNOjfnfz1V165DySfNOjfnfz1V168riPVl5fudWHyLwU6ZVLWFwxEdYCwU9PqS2QIO7fC2eEv9t3J1hYdE0Nzg1xcNUYC84rzcd4nxUoXt9zRF2maVUa4xEZYdsoGnOLmC0OAnnIKwOj09YnWm3PeVdUpjUpu1oMHLYfesFjTbbT033+YUaG6XUIfESDa2UlU6LpDw17ssZO2yfwXhU4dqXR/wDZfx7E1KTSlb2YB8YVBBIEHC2MK/R9Jc5xY+B7sehZKv8At0v7v3LTT+UO4ewJwnPMtX0+qA2NqCSb7BAJtyb0xMmxvsI9ihpn6XMI5pxQ4ZE/dO9d3QYowG435ZnrlWU8SN886rLsz91w797obNrG2eEjl72STodFjWQbC0Y+xDvWHA+xQXjORG33WKQiYJEnIbBvTvsKgpVB6NxhGPBTS+jwPsQXkGJaOT3o1b4Q7LYVIw0z1HcCvP0aixrW1HEgzyWJ3blur1PRJBg6p5O5WOm9lRjWuedad+0xeFji053pdaX5JKdJ0ZoYHMJMmL8u7cvQ0sMY2fNtN4wHYsdfSGtY1tN5sd42rfptAvbAMXm6iEVUslXS8WBnNWnJAY0w3WkRzYKKVZhIBpAThYQehOdBuYgAtjlUUtCdLdZwhuACqsW9vogEo1mOv5oAXkwLRfYpp1mEj/SABMAwFZo2gBrSDEmRInAiFFHRagga/og5YncUKOJpa+iAnSyxkf6bTO4diWnUplrnebA1cRAVum6MX6sRY5qgaA7VLdYXMnZyd8k5qam6Wn7dv5ES2rTLC/zbbGIgbt29DK1MlsU2+lOQtGWCj4A6HjWBDo5wQe1TT8Hw5pBFhfjEGFNYtrTzt3/gYtKux0AUgScoFuJhan0WgtIaB6WQGwrLT8HubqkEawN8YIW2ti373sK0w1Kv1rXQRi8Zfkek/gVf2OQjxl+R6T+BV/Y5C93gOVnLj7o8HySfNOjfnfz1V165DySfNOjfnfz1V164eI9WXl+5vh8i8EPaCIIkIY0AQBAUoWNK7KK3aOwmS0TwQ6g0gAtEDCysQllj2GVsYGyIAb3mVW1giA0elgI6SrHgwATMm/X7FNO5J5Ob3yppbDFNBsAFoMYW6lDGjWBgSRM55KG1cJd94bOxSRGOGRGXFLToh0TqEb4wCd7ZHeyXzketzjD3JXusYBuNm5O0g1IbkYGscNgG1Q0/Wk3icB0J2uEg5EQOzvsUVGEA3tiRnjJgpVoOyXsyxBtfIopOkztA9sp3iRbiOsKhl5OAGzOYMIejEtUO4G7bXm6ep9Hj7CkDP6G8uPUkeLSJ2EHKbSi6GNTE2jG7uXAd9iV1NgmGCRmBgVdRFp29WXQkAJmDAJ2chhGXRC6lY0duGq2cQYsU1LRmETqN5uhWOxA2X5IISsdbAkSThvkJZIp7B0F+CtP0AL5gGUHRmSBqtzyCs87Nhc80cUo3GThOQRlh0QULT0ZhHqjmCX4O3DUbOVrFOXjDWgAY+ySmdOrOYv34hGWPYKEGjsMEMbvkd7p/grPqDmTNxI239nsTtFrqlCPYTKvgrPqDmR8FZ9QcytQnkj2Qir4Kz6g5lLNHYDIaAeCsQjJHsB53jL8j0n8Cr+xyEeMvyPSfwKv7HIXrcBys5cfdHg+ST5p0b87+equvXIeST5p0b87+equvXDxHqy8v3N8PkXgEIQsSgQhCAEfi3j7ClY+LYmTbllTWvA257I9qTbBgZnMncoejLWw8n+nglBjD0TsOB4JmNaRh0XS1mGDmN+XKh3VguwrbQYucBkE7RP05O6OpDmSXDcAOnvyKCDb0cN/QEkqGI5pmIueb724p/wBTt4MDrChz51iNnKMU7jEAWG3qQkgFYYwm2LTiOCing3YXO/8AYjqUuO2zh35QlaCbxAmb8CCkA7ybmcCBHN2oqfS+72pCcfTbjPNG/ch4JvYgwDGzNDYUNrSMYb0ngoAAycBtn2SepS12eJwA2buKZjjMGDbLLcnuIqgzGM348dw2K1zYuXRzAJJAHB1un3ppMzq26eKENiuE2ziQRmNhQHSBPI0e1TqRFoOtPP7kMaZMWE45pAMCf6RsCh9SxkQYtsPBMWNAuOM3VciDm3MHEe5U7QlqO0X4Ad+hWBVU7GMZvOeWKtVREwQhCZIIQhAHneMvyPSfwKv7HIR4y/I9J/Aq/schepwHKzmx90eD5JPmnRvzv56q69ch5JPmnRvzv56q69cPEerLy/c3w+ReAQhCxKBQTzKSq35A8vJ74SbGhKhON5xaOG1NEkjbDhydwmpZnb1ZdvKkLY2kZEYhRXUofzeNzJzQ/OTbBJrf1O/T7lAOeN4bPSe+xO10CmAJzkEWmJkbwmbW5eF+jFTqD6xnj7FW9gkyTAxwmdgOP+UtUPRjPeMQRwnH3qGuEbWno9yZrTkGhLUp3Exc5SLY+xDvcNCGjA4n6IPWVLhe94E/4CkgmTvjGLDfxS43JMDnk5dSQEuff1s2wNxietBubWvEjHjvCYMMYNG5VkRcWixGMTmEOwQzgZ2Oix2hS11oFhmT3xUapgm9riTe2PCQjU9LLI39iNQBj24yABhfpTurbuU2HShzTsaVVqDEWvBwke5PVBoxtY43ccoEDpxT08LG83kc6ksG086rfN9rc9o79SNULctdTmbm8ckbEjm5TJOPAd+lRr/1Hm9yAJwm+Lj7E3TDUhpkkjHKcCB3POrWunvgoey1ssFDDfc4T35whaA9SxChs54qVZIIQhAjzvGX5HpP4FX9jkI8Zfkek/gVf2OQvU4DlZzY+6PB8knzTo35389VdeuQ8knzTo35389VdeuHiPVl5fub4fIvAIQhYlEPBIsY3pXesOB/9U5VbxABxjp2pMpCtbLANw6MQgCJPqjZZM10cDcHrCUHA5nCcgo0GGv/AFdCUYNvmfb35Vbqn63Qkc2Jm4OO47UNMLI1DhF5nWttxRkZydJ7e+xT5wj6TTv9yRzjM+yB0lJ0h6ltRsmYkbEoFx6MY9SVpGxw6uRQ42BE7RJx4BDa3ChmsnfiLki8mVDCIGwOM9MdYUuHMbjYdo9qh0g5YXyEZI2A0KmqfW+7HLe3T0pZGxwwtxUC8ZCbcRtTcrElQwZnaM4JM2RHq2n0exGqZi18Y2ZnlwUa0km8YWN44JDHa0yLRy4qHn1uQcvcpdYRPpkKA4nCwGAAnnAMosKHLMZGtPDm3KACJkzDbqRUO1vSOhQGzYHeTt3BPToHkGvsPS6Fhdpb3YEas2kTI22IgHYvS1T9boXh0y6BYYDM9imeZR0/v1HGmy9unvBcIblYNccc4BtgeZR8YOAtFhaWOE8pKqpk6zpAFm4Gc3bgp0n1TwkcRcdKn4rzJeO38FZFVmpumVNrTyHtW7Ra2u2Yg3BG8dYXkS76rf1H/qvR8FzqX+s7rV4UpSvN9icSKWxrQhC1MjzvGX5HpP4FX9jkI8Zfkek/gVf2OQvU4DlZzY+6PB8knzTo35389VdeuQ8knzTo35389VdeuHiPVl5fub4fIvAIQhYlAiEIQBTUZkMDl0mO+aC7EjaBwGfWmrDnwCQG+x2G4rN6MtbDNJIMHOx607zEndgo1z9UzyRzqqrebydgwHFNukFajNZkOLjndWNYBx2m5VT3bPpC3FApgkejG3s3pICXPBnYLnep3nHIbO+1DxcjaLckqZBzgjnCYFeFjcYmMuCnVz9Ybjs2jApgcm4Znvmq2NFiLSYtsAPtCkYzjfOJB9U5KSJMgRvOHGFBm/pGxAyzjdvUVGY4mADfiexDADsEwcXbU4E7nDmjsUAiNrT0bjuTCBcunId800DFD4vgDYjYVYWg36feqxkMyZjd3hD6YmYke3bCa2ES5mRuDa+ITMuMcD1KtuTYIvPIoabkzEm04HJKx0WvJAJ4Ru2rw6RdqiwwH0j2L3Nc5tPJELzH6M9thqkZXMgb/Ry2pYiuOn1HB0ymm0ySYvAgXwntUaT6juB6le7Q6ht6Ij+o/wDVK7wbUIIltwR65z/tWccKTdst4kaorl31W/qP/Vej4LnUv9Z3WszdDqxcMn7zv+q3aHR1GwTJuTy7FphQcbtEYkk9mXIQhamR53jL8j0n8Cr+xyEeMvyPSfwKv7HIXqcBys5sfdHg+ST5p0b87+equvXIeST5p0b87+equvXDxHqy8v3N8PkXgEIQsSgQhCAEdi3j7CoptBF9p6yh7TG0i/fkQw33G49o9qjqV0Elu10ZY34KTh9UZAYnm9idtOIvYYdV0jZsc3XnYO5CQxcLEWJttCfX/qbx7lO1oF+clLUbINsrHkTpoLsqLZwzw2k7TsAVjmnPVMZmylpEg7RZVvMg3vPq8DYJaIe5YxpIGtzdu1VsdYHY4nkM36VbVNo2278iqYDMjjxEwOgIejEtiw0742JBPJHYErz6x3Ry37QogYap4A261FRhtgMYA2xI6kMaLGttLbTzHilpybgNCai7tHA++UjjBcZjdyI+YvkQWXM3PWNo2EJg+3rCNpx5Uzjdu3Ho96imLSBNzHOhLXQLEmZDbnMm0jcmbsHK0+zvCsc0HvgkLbweQ5oqgsWRh6Q3X9nsTkDVMYQVLGl0EYxe0ofTIAbB38M+dNJ1dBZDMf7QrAkpAmSM7DgO5VjWHC5PBVFMlkIUwmdTIxBHIqpisRCkBBCKA83xl+R6T+BV/Y5CPGX5HpP4FX9jkL0+A5Wc2PujwfJJ806N+d/PVXXrkPJJ806N+d/PVXXrh4j1ZeX7m+HyLwCFDnAAkmALknJV09LpuALXtIJgEOBki8DaVlRRahVDSWTq67ZJIAkTLfWEbRmh2lMBgvaDIbGsMSJA4xeEUwLIvM9iqIttab2y3hLR0+k86rarHHY1zSeYFOdJZramu3WF9WRMY4TOCTixpktJj6w2jHsS0z6vAjlt2FAfTOqQ5vpXbB9bO0Yqn4TTDSS4QxxBdrAgG9icjfAqGmirTLWGbG8+sCLBWVHZDE4dqzM0+mQCKzCCdUEltzsFxJ3J21mlxaHAviThZu2EATYWvqzY5g/5TUwcodvwPtSUqrXDWaQ5osCCCCcMRzc6bzQJAIBzcd+xKqYwqOxzMGAMt6ZkA7iBHJParAIwAjNVObBiJBkxsiMOdOq1FvoK8Y2OtljyXyVtQ3AzmVWCLXduscLbkNvYCARM5nDtSsZDTvggmCcCJwT1ASL6o3z/AIT6uUCIVTqTQcBBtwKGmkKxdbGL/Wdu3K6nb0dmHD3JJzOIs7ht9vOgiLGYGBGW4oWmo2TUsdgMkkDNDSSWzsJKjzn9fMFBOMaxMZjjGxFhQ1F7gARbOZ23yXs6HU85RcCSTcTttY99i8gUhsnjfrXp+B3+k4bRI5P8rv4CTWIoN6NUc/EJONrdE+B2DVL8sBwGPfctGgOnXftPQEmnuDKeqM+rEob6NDiOsr0MP/E1D/RNvyc0v1Jy7uhvBwBDnfSJP+Fn0rTHwWubE9+VLo9Cq2C3ODiOmVr09us0A+sSI458ilZ5YFK4tLto7K/SsTv9ivwawNYXnPq/yqvC7PSB2iOb/K2aQxmqGF2qLZgYKrwk2aYIvBF+hVjYVcO8NdEn+/UmErxFLucv4y/I9J/Aq/schHjL8j0n8Cr+xyFhwHKzTH3R4Pkk+adG/O/nqrr1xnkfrB3gqgAbsNVrtx8690czgeVdmuHiPVl5fubYfIvB43jlovndCr09SpU1mgatLV1z6Q9XWsYxjOIzXEeDdDr09Sv8Df5ulpYefN0PNVajDo76ZedHDoBa5wHoxOML6ghPDxnCOWglC3Z8n0zwTphqUtKpUKjXt0jTdKYxwh2qTo+rTqAeq6o1lQAb1ZoPgDSg6m6rSe579P0XSap1TA1qNQ1P7WOeGci+qIWn5uVVSJ+EjmPF3wKylpum1Bo7WNL6PmXBjQI8wwP1CBYa0zGcrmqvguoPCDnU9FqO1tIqPe6pSENBY4edpaSwgkGwFJwOORX0xCzjjyTb+VFPDR808HeD9N0dng+q5r6vmdHrxSFGHU3eZAaxxBJcS6G3jBebQ8XtNo6JplB9EvOk6O2qDTLn/wCuHDXDpaNV7g4HVEj0LFfXVB2q/wA0+y/rsXwl3Pken+LGkv8AOUvN+bqO02lUY+jT1KAa3R6op1GC8ekW615lXUqOnippOmPoVRX0jRSxjWg/6bjUbSptmLENb5w8V9RIttab2y3hM1x+8NoxU/nJNU0v79tB/BW6Zxvk98G6RogqaLWpwxrmVKTmlzmEPbqvaHOa24c0OiPprsqZ9bjJ9nR1Ic+REHmSCf7h0hc+JiZ55jSMaVDMMmSIJFr5Jj6w4HrCRozDY49iAJwMzi7dsCiyiaX0fu/9VFP6HAjqUudeYsLdShzYxwxBGISAepiLSbkXjj1pajpb3xy6VGOxw2gwUbLfdb7Sm2FDZngOe6SicACTa85diam6MQZzt2Ji45CN57EAS4axDRibngEzaRudptF7RbBJo7oMi4zJz4LRTrgjbsjhC1goPd6kStbCahxjuFLHFpkSCrHV5m2bv/spdpEzINy7PbHYtMsFqpEW+qK6j3Oxkp9d7hqzYRYkDcFLtIxjfntjsUMrwSb37ZVXG+Z67hrWwzdKqNtrHoPWk84+daTOG/3YqfPjZB//AFrKfhGMCMekN7OlNytazf1FXyKqj3OuZKY1XaurJjYnOk7u5UPrAg2x67SehS6VtS/6PXseP4y/I9J/Aq/schJ41VA3QtKLjAFCrf8Aschd34em4sw4h6o+E+TTxwq6FWFIND6VZwDmExDjYPaYMGMdsbgv0UChCn8ThFTTXUfDNtNAhCF5h0ghCEACEIQAIQhACVXxG8gKTTHA7rIQp3bK2RHm/wCo9Cg0hlY7cSpQnlQrZW6mJAN5nH2J6brluMZoQp2f7/YrdDGmJmEtapEbzClCctFoJasrNMSBxJOZTiltuhCFFA2yfN7z34o80M78UITpCtgH+kRsAKdCERGwQhCZIIQhAAhCEACEIQB8P8rPjtWqPfoLGinTaR5wgy6pFwMBqtwtuxyQhC+n4aEYYaUUeZiSbk7P/9k=",User will get 3% cashback on bus booking on Paytm App. ,1
66,Federal Bank MagniFi Credit Card ,https://static.wixstatic.com/media/2a565f_cce93c2d100142c68d7f5e1342e41733~mv2.webp,0.6% cashback on Makemytrip.,1
